CustomerID,ProductID,ProductName,Score,Reason
1,981760,EGGS - X-LARGE,14.128075906111988,'ORANGES NAVELS ALL' 구매 패턴 및 유사 카테고리 기반
1,899624,POTATOES RUSSET (BULK&BAG),13.129815967941763,'ORANGES NAVELS ALL' 구매 패턴 및 유사 카테고리 기반
1,1098066,HOT DOG BUNS,12.818921859222423,'ORANGES NAVELS ALL' 구매 패턴 및 유사 카테고리 기반
1,878996,GRAPES RED,12.691535377226076,'ORANGES NAVELS ALL' 구매 패턴 및 유사 카테고리 기반
1,866211,GRAPES WHITE,12.646377505265558,'ORANGES NAVELS ALL' 구매 패턴 및 유사 카테고리 기반
2,981760,EGGS - X-LARGE,18.77002358969999,'ORANGES NAVELS ALL' 구매 패턴 및 유사 카테고리 기반
2,844179,PRIMAL,17.720808837665977,'ORANGES NAVELS ALL' 구매 패턴 및 유사 카테고리 기반
2,845208,ONIONS YELLOW (BULK&BAG),16.975119172810132,'ORANGES NAVELS ALL' 구매 패턴 및 유사 카테고리 기반
2,962568,CELERY,16.870134407269113,'ORANGES NAVELS ALL' 구매 패턴 및 유사 카테고리 기반
2,1044078,LEAN,16.715238603726554,'ORANGES NAVELS ALL' 구매 패턴 및 유사 카테고리 기반
3,1004906,POTATOES RUSSET (BULK&BAG),22.197232333363146,'PASTA: CANNED' 구매 패턴 및 유사 카테고리 기반
3,981760,EGGS - X-LARGE,21.044820686458895,'PASTA: CANNED' 구매 패턴 및 유사 카테고리 기반
3,1096036,IWS SINGLE CHEESE,20.907402479231564,'PASTA: CANNED' 구매 패턴 및 유사 카테고리 기반
3,1029743,FLUID MILK WHITE ONLY,20.464355273465312,'PASTA: CANNED' 구매 패턴 및 유사 카테고리 기반
3,859075,SHREDDED CHEESE,19.936711161609683,'PASTA: CANNED' 구매 패턴 및 유사 카테고리 기반
4,826249,HAMBURGER BUNS,6.549112379267307,'GRATED CHEESE' 구매 패턴 및 유사 카테고리 기반
4,981760,EGGS - X-LARGE,6.45975239391166,'GRATED CHEESE' 구매 패턴 및 유사 카테고리 기반
4,844179,PRIMAL,6.455267000384415,'GRATED CHEESE' 구매 패턴 및 유사 카테고리 기반
4,1098066,HOT DOG BUNS,6.404374280920751,'GRATED CHEESE' 구매 패턴 및 유사 카테고리 기반
4,859075,SHREDDED CHEESE,6.064094873975495,'GRATED CHEESE' 구매 패턴 및 유사 카테고리 기반
5,1098066,HOT DOG BUNS,4.1393685685500525,'RAMEN NOODLES/RAMEN CUPS' 구매 패턴 및 유사 카테고리 기반
5,844179,PRIMAL,4.0776752655637125,'RAMEN NOODLES/RAMEN CUPS' 구매 패턴 및 유사 카테고리 기반
5,995242,FLUID MILK WHITE ONLY,4.0417473059363,'RAMEN NOODLES/RAMEN CUPS' 구매 패턴 및 유사 카테고리 기반
5,826249,HAMBURGER BUNS,3.9706806589601813,'RAMEN NOODLES/RAMEN CUPS' 구매 패턴 및 유사 카테고리 기반
5,1004906,POTATOES RUSSET (BULK&BAG),3.9609454080228255,'RAMEN NOODLES/RAMEN CUPS' 구매 패턴 및 유사 카테고리 기반
6,1098066,HOT DOG BUNS,21.160958794455215,'ORANGES NAVELS ALL' 구매 패턴 및 유사 카테고리 기반
6,860776,CUCUMBERS,21.00265065424324,'ORANGES NAVELS ALL' 구매 패턴 및 유사 카테고리 기반
6,899624,POTATOES RUSSET (BULK&BAG),20.639063142344025,'ORANGES NAVELS ALL' 구매 패턴 및 유사 카테고리 기반
6,1033142,ONIONS SWEET (BULK&BAG),19.9453036275543,'ORANGES NAVELS ALL' 구매 패턴 및 유사 카테고리 기반
6,826249,HAMBURGER BUNS,19.936624132923153,'ORANGES NAVELS ALL' 구매 패턴 및 유사 카테고리 기반
7,1004906,POTATOES RUSSET (BULK&BAG),16.735053865511766,'ORANGES NAVELS ALL' 구매 패턴 및 유사 카테고리 기반
7,1098066,HOT DOG BUNS,16.69325537917936,'ORANGES NAVELS ALL' 구매 패턴 및 유사 카테고리 기반
7,981760,EGGS - X-LARGE,16.48303741469668,'ORANGES NAVELS ALL' 구매 패턴 및 유사 카테고리 기반
7,840361,EGGS - LARGE,15.752483460975776,'ORANGES NAVELS ALL' 구매 패턴 및 유사 카테고리 기반
7,883404,MAINSTREAM WHITE BREAD,15.214507464385393,'ORANGES NAVELS ALL' 구매 패턴 및 유사 카테고리 기반
8,1096036,IWS SINGLE CHEESE,30.91597171519327,'PASTA: CANNED' 구매 패턴 및 유사 카테고리 기반
8,866211,GRAPES WHITE,28.807644957563017,'PASTA: CANNED' 구매 패턴 및 유사 카테고리 기반
8,987562,SHREDDED CHEESE,27.034534516928836,'PASTA: CANNED' 구매 패턴 및 유사 카테고리 기반
8,904360,HEAD LETTUCE,26.99257970029774,'PASTA: CANNED' 구매 패턴 및 유사 카테고리 기반
8,999858,PRIMAL,26.692765199557773,'PASTA: CANNED' 구매 패턴 및 유사 카테고리 기반
9,1004906,POTATOES RUSSET (BULK&BAG),8.27021667868384,'HAMBURGER BUNS' 구매 패턴 및 유사 카테고리 기반
9,844179,PRIMAL,7.980249818455418,'HAMBURGER BUNS' 구매 패턴 및 유사 카테고리 기반
9,981760,EGGS - X-LARGE,7.883636135264997,'HAMBURGER BUNS' 구매 패턴 및 유사 카테고리 기반
9,938700,CORN,7.741052927473758,'HAMBURGER BUNS' 구매 패턴 및 유사 카테고리 기반
9,1044078,LEAN,7.739138448870428,'HAMBURGER BUNS' 구매 패턴 및 유사 카테고리 기반
10,1098066,HOT DOG BUNS,3.7184941263486615,'CHEESE: PROCESSED BULK' 구매 패턴 및 유사 카테고리 기반
10,1044078,LEAN,3.649341007725534,'CHEESE: PROCESSED BULK' 구매 패턴 및 유사 카테고리 기반
10,1004906,POTATOES RUSSET (BULK&BAG),3.6097895482372637,'CHEESE: PROCESSED BULK' 구매 패턴 및 유사 카테고리 기반
10,883404,MAINSTREAM WHITE BREAD,3.475502185213392,'CHEESE: PROCESSED BULK' 구매 패턴 및 유사 카테고리 기반
10,1068719,SUGAR,3.392849452100864,'CHEESE: PROCESSED BULK' 구매 패턴 및 유사 카테고리 기반
11,1135476,STRAWBERRIES,2.3330583908763534,'TOMATOES HOTHOUSE ON THE VINE' 구매 패턴 및 유사 카테고리 기반
11,866211,GRAPES WHITE,2.173011275175227,'TOMATOES HOTHOUSE ON THE VINE' 구매 패턴 및 유사 카테고리 기반
11,1004906,POTATOES RUSSET (BULK&BAG),2.151403523029899,'TOMATOES HOTHOUSE ON THE VINE' 구매 패턴 및 유사 카테고리 기반
11,962568,CELERY,2.1294842222847907,'TOMATOES HOTHOUSE ON THE VINE' 구매 패턴 및 유사 카테고리 기반
11,1029743,FLUID MILK WHITE ONLY,2.0813758477088995,'TOMATOES HOTHOUSE ON THE VINE' 구매 패턴 및 유사 카테고리 기반
12,962568,CELERY,5.059860743033258,'BUTTER SPRAY CRACKER (RITZ/CLU' 구매 패턴 및 유사 카테고리 기반
12,961554,CARROTS MINI PEELED,4.583298075874976,'BUTTER SPRAY CRACKER (RITZ/CLU' 구매 패턴 및 유사 카테고리 기반
12,1127831,STRAWBERRIES,4.51254694175892,'BUTTER SPRAY CRACKER (RITZ/CLU' 구매 패턴 및 유사 카테고리 기반
12,878996,GRAPES RED,4.323349822907179,'BUTTER SPRAY CRACKER (RITZ/CLU' 구매 패턴 및 유사 카테고리 기반
12,1004906,POTATOES RUSSET (BULK&BAG),4.306008493251957,'BUTTER SPRAY CRACKER (RITZ/CLU' 구매 패턴 및 유사 카테고리 기반
13,1098066,HOT DOG BUNS,22.12226914738459,'PASTA: CANNED' 구매 패턴 및 유사 카테고리 기반
13,981760,EGGS - X-LARGE,21.671569732636968,'PASTA: CANNED' 구매 패턴 및 유사 카테고리 기반
13,844179,PRIMAL,20.169792257779086,'PASTA: CANNED' 구매 패턴 및 유사 카테고리 기반
13,1044078,LEAN,19.28878717407436,'PASTA: CANNED' 구매 패턴 및 유사 카테고리 기반
13,883404,MAINSTREAM WHITE BREAD,19.283099806063017,'PASTA: CANNED' 구매 패턴 및 유사 카테고리 기반
14,1004906,POTATOES RUSSET (BULK&BAG),22.431481904066814,'HAMBURGER BUNS' 구매 패턴 및 유사 카테고리 기반
14,938700,CORN,20.35706929040121,'HAMBURGER BUNS' 구매 패턴 및 유사 카테고리 기반
14,899624,POTATOES RUSSET (BULK&BAG),20.14494662807809,'HAMBURGER BUNS' 구매 패턴 및 유사 카테고리 기반
14,1082185,BANANAS,19.482336315896248,'HAMBURGER BUNS' 구매 패턴 및 유사 카테고리 기반
14,840361,EGGS - LARGE,18.873222614833647,'HAMBURGER BUNS' 구매 패턴 및 유사 카테고리 기반
15,962568,CELERY,13.447922250997609,'VARIETY LETTUCE' 구매 패턴 및 유사 카테고리 기반
15,866211,GRAPES WHITE,12.733301600497903,'VARIETY LETTUCE' 구매 패턴 및 유사 카테고리 기반
15,840361,EGGS - LARGE,12.284782892058134,'VARIETY LETTUCE' 구매 패턴 및 유사 카테고리 기반
15,899624,POTATOES RUSSET (BULK&BAG),11.765724151572964,'VARIETY LETTUCE' 구매 패턴 및 유사 카테고리 기반
15,904360,HEAD LETTUCE,11.431067617359469,'VARIETY LETTUCE' 구매 패턴 및 유사 카테고리 기반
16,866211,GRAPES WHITE,0.7509453281895972,'SW GDS:DONUTS' 구매 패턴 및 유사 카테고리 기반
16,1127831,STRAWBERRIES,0.749612689498445,'SW GDS:DONUTS' 구매 패턴 및 유사 카테고리 기반
16,951590,MAINSTREAM WHITE BREAD,0.7437620354967365,'SW GDS:DONUTS' 구매 패턴 및 유사 카테고리 기반
16,883404,MAINSTREAM WHITE BREAD,0.6637629024029861,'SW GDS:DONUTS' 구매 패턴 및 유사 카테고리 기반
16,961554,CARROTS MINI PEELED,0.6593801406654024,'SW GDS:DONUTS' 구매 패턴 및 유사 카테고리 기반
17,840361,EGGS - LARGE,17.778284836312128,'ORANGES NAVELS ALL' 구매 패턴 및 유사 카테고리 기반
17,961554,CARROTS MINI PEELED,17.514139590467842,'ORANGES NAVELS ALL' 구매 패턴 및 유사 카테고리 기반
17,1081177,TOMATOES VINE RIPE BULK,16.703042140277958,'ORANGES NAVELS ALL' 구매 패턴 및 유사 카테고리 기반
17,1096036,IWS SINGLE CHEESE,16.586798823974195,'ORANGES NAVELS ALL' 구매 패턴 및 유사 카테고리 기반
17,952163,POTATOES RUSSET (BULK&BAG),16.44638601481937,'ORANGES NAVELS ALL' 구매 패턴 및 유사 카테고리 기반
18,1004906,POTATOES RUSSET (BULK&BAG),21.80170204542892,'CHEESE: PROCESSED BULK' 구매 패턴 및 유사 카테고리 기반
18,834484,ONIONS OTHER,19.434660267734802,'CHEESE: PROCESSED BULK' 구매 패턴 및 유사 카테고리 기반
18,844179,PRIMAL,18.600254638237665,'CHEESE: PROCESSED BULK' 구매 패턴 및 유사 카테고리 기반
18,899624,POTATOES RUSSET (BULK&BAG),18.345044875703056,'CHEESE: PROCESSED BULK' 구매 패턴 및 유사 카테고리 기반
18,1105488,GRAPES RED,18.0881988066059,'CHEESE: PROCESSED BULK' 구매 패턴 및 유사 카테고리 기반
19,1071939,CREAM CHEESE,42.25138502555579,'ORANGES NAVELS ALL' 구매 패턴 및 유사 카테고리 기반
19,1007195,CORN YELLOW,36.84537659886308,'ORANGES NAVELS ALL' 구매 패턴 및 유사 카테고리 기반
19,1038217,SOUP CRACKERS (SALTINE/OYSTER),36.514971911643194,'ORANGES NAVELS ALL' 구매 패턴 및 유사 카테고리 기반
19,834484,ONIONS OTHER,35.29468985572766,'ORANGES NAVELS ALL' 구매 패턴 및 유사 카테고리 기반
19,1111072,CATSUP,34.99011508183233,'ORANGES NAVELS ALL' 구매 패턴 및 유사 카테고리 기반
20,844179,PRIMAL,12.918573260962582,'ROLLS - PORK' 구매 패턴 및 유사 카테고리 기반
20,1098066,HOT DOG BUNS,12.478741798264647,'ROLLS - PORK' 구매 패턴 및 유사 카테고리 기반
20,1004906,POTATOES RUSSET (BULK&BAG),12.328258293152562,'ROLLS - PORK' 구매 패턴 및 유사 카테고리 기반
20,961554,CARROTS MINI PEELED,11.543994351210154,'ROLLS - PORK' 구매 패턴 및 유사 카테고리 기반
20,1029743,FLUID MILK WHITE ONLY,11.536164567380583,'ROLLS - PORK' 구매 패턴 및 유사 카테고리 기반
21,826249,HAMBURGER BUNS,11.337878868552474,'PASTA: CANNED' 구매 패턴 및 유사 카테고리 기반
21,1004906,POTATOES RUSSET (BULK&BAG),10.62900920154577,'PASTA: CANNED' 구매 패턴 및 유사 카테고리 기반
21,859075,SHREDDED CHEESE,10.27065180550338,'PASTA: CANNED' 구매 패턴 및 유사 카테고리 기반
21,844179,PRIMAL,10.264464877707141,'PASTA: CANNED' 구매 패턴 및 유사 카테고리 기반
21,1068719,SUGAR,10.170185912546595,'PASTA: CANNED' 구매 패턴 및 유사 카테고리 기반
22,995785,PEPPERS GREEN BELL,14.738280454078087,'ORANGES NAVELS ALL' 구매 패턴 및 유사 카테고리 기반
22,899624,POTATOES RUSSET (BULK&BAG),14.701243316895797,'ORANGES NAVELS ALL' 구매 패턴 및 유사 카테고리 기반
22,845208,ONIONS YELLOW (BULK&BAG),14.665694469943288,'ORANGES NAVELS ALL' 구매 패턴 및 유사 카테고리 기반
22,860776,CUCUMBERS,14.647531548232514,'ORANGES NAVELS ALL' 구매 패턴 및 유사 카테고리 기반
22,916122,CHICKEN BREAST BONELESS,14.233708136370286,'ORANGES NAVELS ALL' 구매 패턴 및 유사 카테고리 기반
23,1004906,POTATOES RUSSET (BULK&BAG),12.629067658428461,'PASTA: CANNED' 구매 패턴 및 유사 카테고리 기반
23,826249,HAMBURGER BUNS,12.051975162248135,'PASTA: CANNED' 구매 패턴 및 유사 카테고리 기반
23,962568,CELERY,11.746441699636652,'PASTA: CANNED' 구매 패턴 및 유사 카테고리 기반
23,844179,PRIMAL,11.127271505160046,'PASTA: CANNED' 구매 패턴 및 유사 카테고리 기반
23,859075,SHREDDED CHEESE,11.104791216749865,'PASTA: CANNED' 구매 패턴 및 유사 카테고리 기반
24,981760,EGGS - X-LARGE,18.377076638815904,'HAMBURGER BUNS' 구매 패턴 및 유사 카테고리 기반
24,844179,PRIMAL,18.352399274541064,'HAMBURGER BUNS' 구매 패턴 및 유사 카테고리 기반
24,1004906,POTATOES RUSSET (BULK&BAG),18.304479752545014,'HAMBURGER BUNS' 구매 패턴 및 유사 카테고리 기반
24,1029743,FLUID MILK WHITE ONLY,17.841529913939443,'HAMBURGER BUNS' 구매 패턴 및 유사 카테고리 기반
24,899624,POTATOES RUSSET (BULK&BAG),17.05294504954241,'HAMBURGER BUNS' 구매 패턴 및 유사 카테고리 기반
25,899624,POTATOES RUSSET (BULK&BAG),19.182547037002088,'ROLLS - PORK' 구매 패턴 및 유사 카테고리 기반
25,840361,EGGS - LARGE,18.769397140652654,'ROLLS - PORK' 구매 패턴 및 유사 카테고리 기반
25,1096036,IWS SINGLE CHEESE,18.445924680457985,'ROLLS - PORK' 구매 패턴 및 유사 카테고리 기반
25,962568,CELERY,17.986553265942625,'ROLLS - PORK' 구매 패턴 및 유사 카테고리 기반
25,923746,EGGS - LARGE,17.244014284084678,'ROLLS - PORK' 구매 패턴 및 유사 카테고리 기반
26,1098066,HOT DOG BUNS,19.87090370474535,'MAINSTREAM' 구매 패턴 및 유사 카테고리 기반
26,844179,PRIMAL,18.815494775318115,'MAINSTREAM' 구매 패턴 및 유사 카테고리 기반
26,1044078,LEAN,18.364260352282283,'MAINSTREAM' 구매 패턴 및 유사 카테고리 기반
26,899624,POTATOES RUSSET (BULK&BAG),18.11296624320559,'MAINSTREAM' 구매 패턴 및 유사 카테고리 기반
26,883404,MAINSTREAM WHITE BREAD,17.31799019565821,'MAINSTREAM' 구매 패턴 및 유사 카테고리 기반
27,1098066,HOT DOG BUNS,7.314248530703794,'MARGARINE  STICK' 구매 패턴 및 유사 카테고리 기반
27,859075,SHREDDED CHEESE,7.191597026706988,'MARGARINE  STICK' 구매 패턴 및 유사 카테고리 기반
27,1004906,POTATOES RUSSET (BULK&BAG),7.127121544493687,'MARGARINE  STICK' 구매 패턴 및 유사 카테고리 기반
27,981760,EGGS - X-LARGE,7.031830982390085,'MARGARINE  STICK' 구매 패턴 및 유사 카테고리 기반
27,826249,HAMBURGER BUNS,6.723461622727869,'MARGARINE  STICK' 구매 패턴 및 유사 카테고리 기반
28,1082185,BANANAS,7.122823407802397,'VARIETY LETTUCE' 구매 패턴 및 유사 카테고리 기반
28,962568,CELERY,6.326227475901576,'VARIETY LETTUCE' 구매 패턴 및 유사 카테고리 기반
28,961554,CARROTS MINI PEELED,6.246938761383636,'VARIETY LETTUCE' 구매 패턴 및 유사 카테고리 기반
28,1004906,POTATOES RUSSET (BULK&BAG),6.206220092705738,'VARIETY LETTUCE' 구매 패턴 및 유사 카테고리 기반
28,981760,EGGS - X-LARGE,6.161531138431171,'VARIETY LETTUCE' 구매 패턴 및 유사 카테고리 기반
29,1098066,HOT DOG BUNS,11.348897369050997,'HAMBURGER BUNS' 구매 패턴 및 유사 카테고리 기반
29,844179,PRIMAL,10.573487632339004,'HAMBURGER BUNS' 구매 패턴 및 유사 카테고리 기반
29,1004906,POTATOES RUSSET (BULK&BAG),10.313894999893087,'HAMBURGER BUNS' 구매 패턴 및 유사 카테고리 기반
29,1068719,SUGAR,9.752142886562574,'HAMBURGER BUNS' 구매 패턴 및 유사 카테고리 기반
29,938700,CORN,9.334275245764484,'HAMBURGER BUNS' 구매 패턴 및 유사 카테고리 기반
30,1004906,POTATOES RUSSET (BULK&BAG),9.449439352725973,'MARGARINE  STICK' 구매 패턴 및 유사 카테고리 기반
30,1082185,BANANAS,9.348378877853573,'MARGARINE  STICK' 구매 패턴 및 유사 카테고리 기반
30,1029743,FLUID MILK WHITE ONLY,8.254281655285912,'MARGARINE  STICK' 구매 패턴 및 유사 카테고리 기반
30,899624,POTATOES RUSSET (BULK&BAG),8.1364409789796,'MARGARINE  STICK' 구매 패턴 및 유사 카테고리 기반
30,826249,HAMBURGER BUNS,8.125139835414029,'MARGARINE  STICK' 구매 패턴 및 유사 카테고리 기반
31,1098066,HOT DOG BUNS,16.958784207285817,'MAINSTREAM' 구매 패턴 및 유사 카테고리 기반
31,899624,POTATOES RUSSET (BULK&BAG),16.903853839457046,'MAINSTREAM' 구매 패턴 및 유사 카테고리 기반
31,826249,HAMBURGER BUNS,16.766224753779035,'MAINSTREAM' 구매 패턴 및 유사 카테고리 기반
31,878996,GRAPES RED,16.509159888546453,'MAINSTREAM' 구매 패턴 및 유사 카테고리 기반
31,1071939,CREAM CHEESE,16.229793231391934,'MAINSTREAM' 구매 패턴 및 유사 카테고리 기반
32,866211,GRAPES WHITE,13.526457963347253,'MARGARINE  STICK' 구매 패턴 및 유사 카테고리 기반
32,834484,ONIONS OTHER,13.132040737948017,'MARGARINE  STICK' 구매 패턴 및 유사 카테고리 기반
32,1033142,ONIONS SWEET (BULK&BAG),12.970727836774072,'MARGARINE  STICK' 구매 패턴 및 유사 카테고리 기반
32,979707,ONIONS SWEET (BULK&BAG),12.870868302140337,'MARGARINE  STICK' 구매 패턴 및 유사 카테고리 기반
32,916122,CHICKEN BREAST BONELESS,12.57182869179727,'MARGARINE  STICK' 구매 패턴 및 유사 카테고리 기반
33,1004906,POTATOES RUSSET (BULK&BAG),12.029798904801492,'HAMBURGER BUNS' 구매 패턴 및 유사 카테고리 기반
33,883404,MAINSTREAM WHITE BREAD,11.968511645587846,'HAMBURGER BUNS' 구매 패턴 및 유사 카테고리 기반
33,844179,PRIMAL,11.627555680601759,'HAMBURGER BUNS' 구매 패턴 및 유사 카테고리 기반
33,859075,SHREDDED CHEESE,11.555506162833494,'HAMBURGER BUNS' 구매 패턴 및 유사 카테고리 기반
33,899624,POTATOES RUSSET (BULK&BAG),10.733666104000806,'HAMBURGER BUNS' 구매 패턴 및 유사 카테고리 기반
34,1098066,HOT DOG BUNS,9.584199242454282,'MAINSTREAM' 구매 패턴 및 유사 카테고리 기반
34,844179,PRIMAL,8.482597838992117,'MAINSTREAM' 구매 패턴 및 유사 카테고리 기반
34,1082185,BANANAS,8.188619741140881,'MAINSTREAM' 구매 패턴 및 유사 카테고리 기반
34,899624,POTATOES RUSSET (BULK&BAG),8.103182332834336,'MAINSTREAM' 구매 패턴 및 유사 카테고리 기반
34,995242,FLUID MILK WHITE ONLY,7.995615715174622,'MAINSTREAM' 구매 패턴 및 유사 카테고리 기반
35,1098066,HOT DOG BUNS,10.751187621290002,'CHEESE: PROCESSED BULK' 구매 패턴 및 유사 카테고리 기반
35,995242,FLUID MILK WHITE ONLY,10.269127458623108,'CHEESE: PROCESSED BULK' 구매 패턴 및 유사 카테고리 기반
35,826249,HAMBURGER BUNS,10.248864769214089,'CHEESE: PROCESSED BULK' 구매 패턴 및 유사 카테고리 기반
35,1004906,POTATOES RUSSET (BULK&BAG),10.207709111203263,'CHEESE: PROCESSED BULK' 구매 패턴 및 유사 카테고리 기반
35,883404,MAINSTREAM WHITE BREAD,10.205368882098728,'CHEESE: PROCESSED BULK' 구매 패턴 및 유사 카테고리 기반
36,1004906,POTATOES RUSSET (BULK&BAG),20.834956945997888,'MAINSTREAM' 구매 패턴 및 유사 카테고리 기반
36,844179,PRIMAL,19.464060056274874,'MAINSTREAM' 구매 패턴 및 유사 카테고리 기반
36,859075,SHREDDED CHEESE,18.3843041759455,'MAINSTREAM' 구매 패턴 및 유사 카테고리 기반
36,899624,POTATOES RUSSET (BULK&BAG),18.289614454584378,'MAINSTREAM' 구매 패턴 및 유사 카테고리 기반
36,845208,ONIONS YELLOW (BULK&BAG),17.134660350610456,'MAINSTREAM' 구매 패턴 및 유사 카테고리 기반
37,1082185,BANANAS,10.508147655512815,'MUSHROOMS WHITE SLICED PKG' 구매 패턴 및 유사 카테고리 기반
37,1004906,POTATOES RUSSET (BULK&BAG),8.750369017869076,'MUSHROOMS WHITE SLICED PKG' 구매 패턴 및 유사 카테고리 기반
37,1033142,ONIONS SWEET (BULK&BAG),8.522263749369165,'MUSHROOMS WHITE SLICED PKG' 구매 패턴 및 유사 카테고리 기반
37,981760,EGGS - X-LARGE,8.25114081494724,'MUSHROOMS WHITE SLICED PKG' 구매 패턴 및 유사 카테고리 기반
37,995785,PEPPERS GREEN BELL,8.248648391640478,'MUSHROOMS WHITE SLICED PKG' 구매 패턴 및 유사 카테고리 기반
38,1127831,STRAWBERRIES,2.8089127684713993,'GRAPES WHITE' 구매 패턴 및 유사 카테고리 기반
38,878996,GRAPES RED,2.6839569097438605,'GRAPES WHITE' 구매 패턴 및 유사 카테고리 기반
38,962568,CELERY,2.5468012166760325,'GRAPES WHITE' 구매 패턴 및 유사 카테고리 기반
38,961554,CARROTS MINI PEELED,2.4628640669745954,'GRAPES WHITE' 구매 패턴 및 유사 카테고리 기반
38,1105488,GRAPES RED,2.4245567992744634,'GRAPES WHITE' 구매 패턴 및 유사 카테고리 기반
39,1004906,POTATOES RUSSET (BULK&BAG),27.619207677869255,'PASTA: CANNED' 구매 패턴 및 유사 카테고리 기반
39,1029743,FLUID MILK WHITE ONLY,23.97898096027953,'PASTA: CANNED' 구매 패턴 및 유사 카테고리 기반
39,899624,POTATOES RUSSET (BULK&BAG),23.94112929898422,'PASTA: CANNED' 구매 패턴 및 유사 카테고리 기반
39,878996,GRAPES RED,23.081096054517637,'PASTA: CANNED' 구매 패턴 및 유사 카테고리 기반
39,1096036,IWS SINGLE CHEESE,23.05590531833434,'PASTA: CANNED' 구매 패턴 및 유사 카테고리 기반
40,981760,EGGS - X-LARGE,28.088302740820904,'ORANGES NAVELS ALL' 구매 패턴 및 유사 카테고리 기반
40,844179,PRIMAL,25.484453681543556,'ORANGES NAVELS ALL' 구매 패턴 및 유사 카테고리 기반
40,979707,ONIONS SWEET (BULK&BAG),25.22373711379174,'ORANGES NAVELS ALL' 구매 패턴 및 유사 카테고리 기반
40,1081177,TOMATOES VINE RIPE BULK,24.37942807714526,'ORANGES NAVELS ALL' 구매 패턴 및 유사 카테고리 기반
40,1068719,SUGAR,24.271319610382882,'ORANGES NAVELS ALL' 구매 패턴 및 유사 카테고리 기반
41,1004906,POTATOES RUSSET (BULK&BAG),9.504057444917743,'ORANGES NAVELS ALL' 구매 패턴 및 유사 카테고리 기반
41,961554,CARROTS MINI PEELED,9.162423674805169,'ORANGES NAVELS ALL' 구매 패턴 및 유사 카테고리 기반
41,1098066,HOT DOG BUNS,9.096477588870771,'ORANGES NAVELS ALL' 구매 패턴 및 유사 카테고리 기반
41,840361,EGGS - LARGE,8.910714091116414,'ORANGES NAVELS ALL' 구매 패턴 및 유사 카테고리 기반
41,844179,PRIMAL,8.907660381680714,'ORANGES NAVELS ALL' 구매 패턴 및 유사 카테고리 기반
42,859075,SHREDDED CHEESE,8.085860926611538,'ORANGES NAVELS ALL' 구매 패턴 및 유사 카테고리 기반
42,1098066,HOT DOG BUNS,8.041560489319089,'ORANGES NAVELS ALL' 구매 패턴 및 유사 카테고리 기반
42,1004906,POTATOES RUSSET (BULK&BAG),8.03631272051153,'ORANGES NAVELS ALL' 구매 패턴 및 유사 카테고리 기반
42,826249,HAMBURGER BUNS,7.740383067418689,'ORANGES NAVELS ALL' 구매 패턴 및 유사 카테고리 기반
42,844179,PRIMAL,7.5885236987546385,'ORANGES NAVELS ALL' 구매 패턴 및 유사 카테고리 기반
43,1098066,HOT DOG BUNS,8.73906571545697,'HAMBURGER BUNS' 구매 패턴 및 유사 카테고리 기반
43,981760,EGGS - X-LARGE,8.67549204412116,'HAMBURGER BUNS' 구매 패턴 및 유사 카테고리 기반
43,1068719,SUGAR,8.378821374227124,'HAMBURGER BUNS' 구매 패턴 및 유사 카테고리 기반
43,1082185,BANANAS,8.368223311929409,'HAMBURGER BUNS' 구매 패턴 및 유사 카테고리 기반
43,899624,POTATOES RUSSET (BULK&BAG),8.223197197006266,'HAMBURGER BUNS' 구매 패턴 및 유사 카테고리 기반
44,1004906,POTATOES RUSSET (BULK&BAG),13.430531909701996,'MARGARINE  STICK' 구매 패턴 및 유사 카테고리 기반
44,1044078,LEAN,13.099748591619235,'MARGARINE  STICK' 구매 패턴 및 유사 카테고리 기반
44,844179,PRIMAL,12.731600971156702,'MARGARINE  STICK' 구매 패턴 및 유사 카테고리 기반
44,899624,POTATOES RUSSET (BULK&BAG),12.106345123084868,'MARGARINE  STICK' 구매 패턴 및 유사 카테고리 기반
44,859075,SHREDDED CHEESE,12.06962161004502,'MARGARINE  STICK' 구매 패턴 및 유사 카테고리 기반
45,1098066,HOT DOG BUNS,5.0501919049801085,'STUFFING MIXES' 구매 패턴 및 유사 카테고리 기반
45,1068719,SUGAR,4.657748745071062,'STUFFING MIXES' 구매 패턴 및 유사 카테고리 기반
45,1029743,FLUID MILK WHITE ONLY,4.60093549525414,'STUFFING MIXES' 구매 패턴 및 유사 카테고리 기반
45,844179,PRIMAL,4.554601802573195,'STUFFING MIXES' 구매 패턴 및 유사 카테고리 기반
45,826249,HAMBURGER BUNS,4.527321307186427,'STUFFING MIXES' 구매 패턴 및 유사 카테고리 기반
46,961554,CARROTS MINI PEELED,27.960112422480428,'PASTA: CANNED' 구매 패턴 및 유사 카테고리 기반
46,844179,PRIMAL,27.71912213350891,'PASTA: CANNED' 구매 패턴 및 유사 카테고리 기반
46,840361,EGGS - LARGE,27.014725613225487,'PASTA: CANNED' 구매 패턴 및 유사 카테고리 기반
46,859075,SHREDDED CHEESE,25.125911052189725,'PASTA: CANNED' 구매 패턴 및 유사 카테고리 기반
46,1044078,LEAN,24.982609558190706,'PASTA: CANNED' 구매 패턴 및 유사 카테고리 기반
47,1082185,BANANAS,15.56416082480037,'ORANGES NAVELS ALL' 구매 패턴 및 유사 카테고리 기반
47,1004906,POTATOES RUSSET (BULK&BAG),14.797766216713644,'ORANGES NAVELS ALL' 구매 패턴 및 유사 카테고리 기반
47,1098066,HOT DOG BUNS,13.584224067165525,'ORANGES NAVELS ALL' 구매 패턴 및 유사 카테고리 기반
47,962568,CELERY,12.93501430102331,'ORANGES NAVELS ALL' 구매 패턴 및 유사 카테고리 기반
47,840361,EGGS - LARGE,12.893225299838731,'ORANGES NAVELS ALL' 구매 패턴 및 유사 카테고리 기반
48,1098066,HOT DOG BUNS,7.976174700628894,'CHOICE BEEF' 구매 패턴 및 유사 카테고리 기반
48,826249,HAMBURGER BUNS,7.9027891438978655,'CHOICE BEEF' 구매 패턴 및 유사 카테고리 기반
48,840361,EGGS - LARGE,7.822706546102911,'CHOICE BEEF' 구매 패턴 및 유사 카테고리 기반
48,961554,CARROTS MINI PEELED,7.7563850669294965,'CHOICE BEEF' 구매 패턴 및 유사 카테고리 기반
48,962568,CELERY,7.735587122620631,'CHOICE BEEF' 구매 패턴 및 유사 카테고리 기반
49,826249,HAMBURGER BUNS,27.22493201669551,'ORANGES NAVELS ALL' 구매 패턴 및 유사 카테고리 기반
49,899624,POTATOES RUSSET (BULK&BAG),25.78564078954189,'ORANGES NAVELS ALL' 구매 패턴 및 유사 카테고리 기반
49,961554,CARROTS MINI PEELED,25.215834108010853,'ORANGES NAVELS ALL' 구매 패턴 및 유사 카테고리 기반
49,995242,FLUID MILK WHITE ONLY,24.473650831707495,'ORANGES NAVELS ALL' 구매 패턴 및 유사 카테고리 기반
49,866211,GRAPES WHITE,23.605944133391475,'ORANGES NAVELS ALL' 구매 패턴 및 유사 카테고리 기반
50,1098066,HOT DOG BUNS,5.711120278675868,'SOFT DRINK POWDER POUCHES' 구매 패턴 및 유사 카테고리 기반
50,826249,HAMBURGER BUNS,5.38840066139427,'SOFT DRINK POWDER POUCHES' 구매 패턴 및 유사 카테고리 기반
50,1068719,SUGAR,5.345286862081639,'SOFT DRINK POWDER POUCHES' 구매 패턴 및 유사 카테고리 기반
50,1096036,IWS SINGLE CHEESE,5.2331524651034975,'SOFT DRINK POWDER POUCHES' 구매 패턴 및 유사 카테고리 기반
50,1004906,POTATOES RUSSET (BULK&BAG),5.065136754858544,'SOFT DRINK POWDER POUCHES' 구매 패턴 및 유사 카테고리 기반
51,1098066,HOT DOG BUNS,18.90035136480186,'ORANGES NAVELS ALL' 구매 패턴 및 유사 카테고리 기반
51,859075,SHREDDED CHEESE,15.794412537698133,'ORANGES NAVELS ALL' 구매 패턴 및 유사 카테고리 기반
51,962568,CELERY,15.726333386049442,'ORANGES NAVELS ALL' 구매 패턴 및 유사 카테고리 기반
51,961554,CARROTS MINI PEELED,15.463101189944181,'ORANGES NAVELS ALL' 구매 패턴 및 유사 카테고리 기반
51,938700,CORN,15.226699899168798,'ORANGES NAVELS ALL' 구매 패턴 및 유사 카테고리 기반
52,845208,ONIONS YELLOW (BULK&BAG),22.92355660583577,'EGGS - JUMBO' 구매 패턴 및 유사 카테고리 기반
52,826249,HAMBURGER BUNS,22.596585928552518,'EGGS - JUMBO' 구매 패턴 및 유사 카테고리 기반
52,844179,PRIMAL,22.540690269139233,'EGGS - JUMBO' 구매 패턴 및 유사 카테고리 기반
52,866211,GRAPES WHITE,22.37584348708784,'EGGS - JUMBO' 구매 패턴 및 유사 카테고리 기반
52,916122,CHICKEN BREAST BONELESS,21.657965772216453,'EGGS - JUMBO' 구매 패턴 및 유사 카테고리 기반
53,962568,CELERY,9.352844263606908,'EGGS - JUMBO' 구매 패턴 및 유사 카테고리 기반
53,1004906,POTATOES RUSSET (BULK&BAG),8.788045737801351,'EGGS - JUMBO' 구매 패턴 및 유사 카테고리 기반
53,981760,EGGS - X-LARGE,8.554999403072731,'EGGS - JUMBO' 구매 패턴 및 유사 카테고리 기반
53,840361,EGGS - LARGE,8.206043959889922,'EGGS - JUMBO' 구매 패턴 및 유사 카테고리 기반
53,1098066,HOT DOG BUNS,8.150795253103029,'EGGS - JUMBO' 구매 패턴 및 유사 카테고리 기반
54,1029743,FLUID MILK WHITE ONLY,2.37114211421975,'MAINSTREAM WHITE BREAD' 구매 패턴 및 유사 카테고리 기반
54,1098066,HOT DOG BUNS,2.2702908247126135,'MAINSTREAM WHITE BREAD' 구매 패턴 및 유사 카테고리 기반
54,826249,HAMBURGER BUNS,2.1610704380330095,'MAINSTREAM WHITE BREAD' 구매 패턴 및 유사 카테고리 기반
54,938700,CORN,2.002963560727331,'MAINSTREAM WHITE BREAD' 구매 패턴 및 유사 카테고리 기반
54,1106523,FLUID MILK WHITE ONLY,1.8891573791662988,'MAINSTREAM WHITE BREAD' 구매 패턴 및 유사 카테고리 기반
55,981760,EGGS - X-LARGE,7.711358948247981,'MARGARINE  STICK' 구매 패턴 및 유사 카테고리 기반
55,826249,HAMBURGER BUNS,7.513502575578192,'MARGARINE  STICK' 구매 패턴 및 유사 카테고리 기반
55,1044078,LEAN,7.415325376581842,'MARGARINE  STICK' 구매 패턴 및 유사 카테고리 기반
55,844179,PRIMAL,7.121970921305138,'MARGARINE  STICK' 구매 패턴 및 유사 카테고리 기반
55,1029743,FLUID MILK WHITE ONLY,6.98614696788311,'MARGARINE  STICK' 구매 패턴 및 유사 카테고리 기반
56,962568,CELERY,25.565940226821287,'ORANGES NAVELS ALL' 구매 패턴 및 유사 카테고리 기반
56,840361,EGGS - LARGE,23.911009347366274,'ORANGES NAVELS ALL' 구매 패턴 및 유사 카테고리 기반
56,1029743,FLUID MILK WHITE ONLY,23.000484509461486,'ORANGES NAVELS ALL' 구매 패턴 및 유사 카테고리 기반
56,845208,ONIONS YELLOW (BULK&BAG),22.895838765015338,'ORANGES NAVELS ALL' 구매 패턴 및 유사 카테고리 기반
56,866211,GRAPES WHITE,22.799139531684247,'ORANGES NAVELS ALL' 구매 패턴 및 유사 카테고리 기반
57,1098066,HOT DOG BUNS,13.534682462440786,'GRATED CHEESE' 구매 패턴 및 유사 카테고리 기반
57,962568,CELERY,12.97927576181861,'GRATED CHEESE' 구매 패턴 및 유사 카테고리 기반
57,899624,POTATOES RUSSET (BULK&BAG),12.748041270014225,'GRATED CHEESE' 구매 패턴 및 유사 카테고리 기반
57,844179,PRIMAL,12.680438404556908,'GRATED CHEESE' 구매 패턴 및 유사 카테고리 기반
57,1068719,SUGAR,12.437322659472656,'GRATED CHEESE' 구매 패턴 및 유사 카테고리 기반
58,1004906,POTATOES RUSSET (BULK&BAG),27.238763283000097,'MAINSTREAM' 구매 패턴 및 유사 카테고리 기반
58,878996,GRAPES RED,25.73323793460505,'MAINSTREAM' 구매 패턴 및 유사 카테고리 기반
58,866211,GRAPES WHITE,25.04931210415898,'MAINSTREAM' 구매 패턴 및 유사 카테고리 기반
58,845208,ONIONS YELLOW (BULK&BAG),25.00562049970965,'MAINSTREAM' 구매 패턴 및 유사 카테고리 기반
58,899624,POTATOES RUSSET (BULK&BAG),22.948987261126323,'MAINSTREAM' 구매 패턴 및 유사 카테고리 기반
59,844179,PRIMAL,16.590746875089188,'ROLLS - PORK' 구매 패턴 및 유사 카테고리 기반
59,859075,SHREDDED CHEESE,15.053369383638369,'ROLLS - PORK' 구매 패턴 및 유사 카테고리 기반
59,1068719,SUGAR,15.040441962818733,'ROLLS - PORK' 구매 패턴 및 유사 카테고리 기반
59,1029743,FLUID MILK WHITE ONLY,14.727924396330234,'ROLLS - PORK' 구매 패턴 및 유사 카테고리 기반
59,1071939,CREAM CHEESE,14.715465228269876,'ROLLS - PORK' 구매 패턴 및 유사 카테고리 기반
60,1082185,BANANAS,3.405090714107682,'NON-CRBNTD DRNKING/MNERAL WATE' 구매 패턴 및 유사 카테고리 기반
60,1004906,POTATOES RUSSET (BULK&BAG),3.07497868266179,'NON-CRBNTD DRNKING/MNERAL WATE' 구매 패턴 및 유사 카테고리 기반
60,859075,SHREDDED CHEESE,3.038270229068723,'NON-CRBNTD DRNKING/MNERAL WATE' 구매 패턴 및 유사 카테고리 기반
60,962568,CELERY,3.0113365898992934,'NON-CRBNTD DRNKING/MNERAL WATE' 구매 패턴 및 유사 카테고리 기반
60,981760,EGGS - X-LARGE,2.9771045099013125,'NON-CRBNTD DRNKING/MNERAL WATE' 구매 패턴 및 유사 카테고리 기반
61,1077555,COTTAGE CHEESE,1.7585276232526732,'BREAST - BONELESS(IQF)' 구매 패턴 및 유사 카테고리 기반
61,1027569,CARDS EVERYDAY,1.7317371775280919,'BREAST - BONELESS(IQF)' 구매 패턴 및 유사 카테고리 기반
61,1082185,BANANAS,1.7067105750916132,'BREAST - BONELESS(IQF)' 구매 패턴 및 유사 카테고리 기반
61,852856,CARDS EVERYDAY,1.6961718051742918,'BREAST - BONELESS(IQF)' 구매 패턴 및 유사 카테고리 기반
61,981760,EGGS - X-LARGE,1.6865963177020578,'BREAST - BONELESS(IQF)' 구매 패턴 및 유사 카테고리 기반
63,913210,NON-CRBNTD DRNKING/MNERAL WATE,0.96813023373131,'NON-CRBNTD DRNKING/MNERAL WATE' 구매 패턴 및 유사 카테고리 기반
63,1134522,SNACK CAKE - MULTI PACK,0.8619144474597633,'NON-CRBNTD DRNKING/MNERAL WATE' 구매 패턴 및 유사 카테고리 기반
63,928049,SNACK CAKE - MULTI PACK,0.785936747768761,'NON-CRBNTD DRNKING/MNERAL WATE' 구매 패턴 및 유사 카테고리 기반
63,5592931,SUGAR,0.7580081097518476,'NON-CRBNTD DRNKING/MNERAL WATE' 구매 패턴 및 유사 카테고리 기반
63,941741,SNACK CAKE - MULTI PACK,0.7067207101550331,'NON-CRBNTD DRNKING/MNERAL WATE' 구매 패턴 및 유사 카테고리 기반
64,844179,PRIMAL,25.73858882434483,'MARGARINE  STICK' 구매 패턴 및 유사 카테고리 기반
64,899624,POTATOES RUSSET (BULK&BAG),25.54843453100181,'MARGARINE  STICK' 구매 패턴 및 유사 카테고리 기반
64,938700,CORN,24.245157613195573,'MARGARINE  STICK' 구매 패턴 및 유사 카테고리 기반
64,883404,MAINSTREAM WHITE BREAD,24.156231062181245,'MARGARINE  STICK' 구매 패턴 및 유사 카테고리 기반
64,1029743,FLUID MILK WHITE ONLY,23.84774591529361,'MARGARINE  STICK' 구매 패턴 및 유사 카테고리 기반
65,844179,PRIMAL,10.835133683869115,'HAMBURGER BUNS' 구매 패턴 및 유사 카테고리 기반
65,883404,MAINSTREAM WHITE BREAD,10.618014916611289,'HAMBURGER BUNS' 구매 패턴 및 유사 카테고리 기반
65,899624,POTATOES RUSSET (BULK&BAG),10.522962440337615,'HAMBURGER BUNS' 구매 패턴 및 유사 카테고리 기반
65,1096036,IWS SINGLE CHEESE,10.451680227505747,'HAMBURGER BUNS' 구매 패턴 및 유사 카테고리 기반
65,1071939,CREAM CHEESE,10.434666276253127,'HAMBURGER BUNS' 구매 패턴 및 유사 카테고리 기반
66,883404,MAINSTREAM WHITE BREAD,9.656602648235213,'HAMBURGER BUNS' 구매 패턴 및 유사 카테고리 기반
66,1044078,LEAN,9.540445761530727,'HAMBURGER BUNS' 구매 패턴 및 유사 카테고리 기반
66,1068719,SUGAR,9.531655672943327,'HAMBURGER BUNS' 구매 패턴 및 유사 카테고리 기반
66,1096036,IWS SINGLE CHEESE,9.461916365935318,'HAMBURGER BUNS' 구매 패턴 및 유사 카테고리 기반
66,840361,EGGS - LARGE,8.784092157153816,'HAMBURGER BUNS' 구매 패턴 및 유사 카테고리 기반
67,845208,ONIONS YELLOW (BULK&BAG),35.148422901526786,'ORANGES NAVELS ALL' 구매 패턴 및 유사 카테고리 기반
67,952163,POTATOES RUSSET (BULK&BAG),33.33080712199488,'ORANGES NAVELS ALL' 구매 패턴 및 유사 카테고리 기반
67,938700,CORN,33.0483622110308,'ORANGES NAVELS ALL' 구매 패턴 및 유사 카테고리 기반
67,12810393,ENHANCED,30.78294272164965,'ORANGES NAVELS ALL' 구매 패턴 및 유사 카테고리 기반
67,898068,CATSUP,29.77373707786827,'ORANGES NAVELS ALL' 구매 패턴 및 유사 카테고리 기반
68,1096036,IWS SINGLE CHEESE,36.020516270677874,'CHEESE: PROCESSED BULK' 구매 패턴 및 유사 카테고리 기반
68,1136257,SHREDDED CHEESE,33.65441752280319,'CHEESE: PROCESSED BULK' 구매 패턴 및 유사 카테고리 기반
68,1127831,STRAWBERRIES,31.10205692751785,'CHEESE: PROCESSED BULK' 구매 패턴 및 유사 카테고리 기반
68,980727,CATSUP,28.89779926304773,'CHEESE: PROCESSED BULK' 구매 패턴 및 유사 카테고리 기반
68,965766,IWS SINGLE CHEESE,28.16187643372055,'CHEESE: PROCESSED BULK' 구매 패턴 및 유사 카테고리 기반
69,961554,CARROTS MINI PEELED,31.868881542634803,'ORANGES NAVELS ALL' 구매 패턴 및 유사 카테고리 기반
69,1136257,SHREDDED CHEESE,31.504143581160786,'ORANGES NAVELS ALL' 구매 패턴 및 유사 카테고리 기반
69,910032,PREMIUM - MEAT,30.290802972988633,'ORANGES NAVELS ALL' 구매 패턴 및 유사 카테고리 기반
69,898068,CATSUP,29.59087848785581,'ORANGES NAVELS ALL' 구매 패턴 및 유사 카테고리 기반
69,860776,CUCUMBERS,29.176520370863475,'ORANGES NAVELS ALL' 구매 패턴 및 유사 카테고리 기반
70,925514,CANDY BARS (SINGLES)(INCLUDING,2.0239485112429376,'NEWSPAPER' 구매 패턴 및 유사 카테고리 기반
70,839147,CANDY BARS (SINGLES)(INCLUDING,1.8827832856531708,'NEWSPAPER' 구매 패턴 및 유사 카테고리 기반
70,1080414,CANDY BARS (SINGLES)(INCLUDING,1.8701241118216128,'NEWSPAPER' 구매 패턴 및 유사 카테고리 기반
70,1029743,FLUID MILK WHITE ONLY,1.7295547252001529,'NEWSPAPER' 구매 패턴 및 유사 카테고리 기반
70,986394,CANDY BARS (SINGLES)(INCLUDING,1.7160363315516887,'NEWSPAPER' 구매 패턴 및 유사 카테고리 기반
71,883404,MAINSTREAM WHITE BREAD,17.95004999311954,'PASTA: CANNED' 구매 패턴 및 유사 카테고리 기반
71,962568,CELERY,17.852143318829718,'PASTA: CANNED' 구매 패턴 및 유사 카테고리 기반
71,1096036,IWS SINGLE CHEESE,17.43849589107495,'PASTA: CANNED' 구매 패턴 및 유사 카테고리 기반
71,923746,EGGS - LARGE,17.34336501927991,'PASTA: CANNED' 구매 패턴 및 유사 카테고리 기반
71,961554,CARROTS MINI PEELED,17.32151711257215,'PASTA: CANNED' 구매 패턴 및 유사 카테고리 기반
72,981760,EGGS - X-LARGE,30.50235572932785,'CHEESE: PROCESSED BULK' 구매 패턴 및 유사 카테고리 기반
72,899624,POTATOES RUSSET (BULK&BAG),28.009084647550658,'CHEESE: PROCESSED BULK' 구매 패턴 및 유사 카테고리 기반
72,845208,ONIONS YELLOW (BULK&BAG),27.214249943411048,'CHEESE: PROCESSED BULK' 구매 패턴 및 유사 카테고리 기반
72,1029743,FLUID MILK WHITE ONLY,26.740057265342415,'CHEESE: PROCESSED BULK' 구매 패턴 및 유사 카테고리 기반
72,859075,SHREDDED CHEESE,26.663530576388638,'CHEESE: PROCESSED BULK' 구매 패턴 및 유사 카테고리 기반
73,1004906,POTATOES RUSSET (BULK&BAG),7.581830948981147,'HAMBURGER BUNS' 구매 패턴 및 유사 카테고리 기반
73,981760,EGGS - X-LARGE,7.285146203385953,'HAMBURGER BUNS' 구매 패턴 및 유사 카테고리 기반
73,1029743,FLUID MILK WHITE ONLY,6.999573721368444,'HAMBURGER BUNS' 구매 패턴 및 유사 카테고리 기반
73,844179,PRIMAL,6.965433360984071,'HAMBURGER BUNS' 구매 패턴 및 유사 카테고리 기반
73,1068719,SUGAR,6.922996065890841,'HAMBURGER BUNS' 구매 패턴 및 유사 카테고리 기반
74,1098066,HOT DOG BUNS,19.034670094065223,'ORANGES NAVELS ALL' 구매 패턴 및 유사 카테고리 기반
74,844179,PRIMAL,19.02966814031888,'ORANGES NAVELS ALL' 구매 패턴 및 유사 카테고리 기반
74,840361,EGGS - LARGE,18.677978825363777,'ORANGES NAVELS ALL' 구매 패턴 및 유사 카테고리 기반
74,826249,HAMBURGER BUNS,18.070245659605508,'ORANGES NAVELS ALL' 구매 패턴 및 유사 카테고리 기반
74,952163,POTATOES RUSSET (BULK&BAG),16.716806967286598,'ORANGES NAVELS ALL' 구매 패턴 및 유사 카테고리 기반
75,1029743,FLUID MILK WHITE ONLY,2.7485513341530665,'NON-CRBNTD DRNKING/MNERAL WATE' 구매 패턴 및 유사 카테고리 기반
75,1106523,FLUID MILK WHITE ONLY,2.4279097797297857,'NON-CRBNTD DRNKING/MNERAL WATE' 구매 패턴 및 유사 카테고리 기반
75,1098066,HOT DOG BUNS,2.3878298187330125,'NON-CRBNTD DRNKING/MNERAL WATE' 구매 패턴 및 유사 카테고리 기반
75,1044078,LEAN,2.381083258028813,'NON-CRBNTD DRNKING/MNERAL WATE' 구매 패턴 및 유사 카테고리 기반
75,826249,HAMBURGER BUNS,2.3745816685270613,'NON-CRBNTD DRNKING/MNERAL WATE' 구매 패턴 및 유사 카테고리 기반
76,1004906,POTATOES RUSSET (BULK&BAG),6.876148241345895,'CHOICE BEEF' 구매 패턴 및 유사 카테고리 기반
76,962568,CELERY,6.8364998355655695,'CHOICE BEEF' 구매 패턴 및 유사 카테고리 기반
76,961554,CARROTS MINI PEELED,6.8306531136314215,'CHOICE BEEF' 구매 패턴 및 유사 카테고리 기반
76,979707,ONIONS SWEET (BULK&BAG),6.562651028915196,'CHOICE BEEF' 구매 패턴 및 유사 카테고리 기반
76,834484,ONIONS OTHER,6.29447752796908,'CHOICE BEEF' 구매 패턴 및 유사 카테고리 기반
77,844179,PRIMAL,26.902851570705547,'MAINSTREAM' 구매 패턴 및 유사 카테고리 기반
77,1068719,SUGAR,26.50606753358991,'MAINSTREAM' 구매 패턴 및 유사 카테고리 기반
77,962568,CELERY,26.408061559646658,'MAINSTREAM' 구매 패턴 및 유사 카테고리 기반
77,1044078,LEAN,26.33639464758566,'MAINSTREAM' 구매 패턴 및 유사 카테고리 기반
77,995242,FLUID MILK WHITE ONLY,25.67924860665111,'MAINSTREAM' 구매 패턴 및 유사 카테고리 기반
78,1044078,LEAN,8.765805732939086,'SFT DRNK SNGL SRV BTL CARB (EX' 구매 패턴 및 유사 카테고리 기반
78,826249,HAMBURGER BUNS,8.716995514469671,'SFT DRNK SNGL SRV BTL CARB (EX' 구매 패턴 및 유사 카테고리 기반
78,1004906,POTATOES RUSSET (BULK&BAG),8.492269928586056,'SFT DRNK SNGL SRV BTL CARB (EX' 구매 패턴 및 유사 카테고리 기반
78,1068719,SUGAR,8.312271743434419,'SFT DRNK SNGL SRV BTL CARB (EX' 구매 패턴 및 유사 카테고리 기반
78,1096036,IWS SINGLE CHEESE,8.025663764632412,'SFT DRNK SNGL SRV BTL CARB (EX' 구매 패턴 및 유사 카테고리 기반
79,1098066,HOT DOG BUNS,17.56040387135428,'PASTA: CANNED' 구매 패턴 및 유사 카테고리 기반
79,961554,CARROTS MINI PEELED,17.127570854312413,'PASTA: CANNED' 구매 패턴 및 유사 카테고리 기반
79,844179,PRIMAL,16.768162517472856,'PASTA: CANNED' 구매 패턴 및 유사 카테고리 기반
79,1127831,STRAWBERRIES,15.529378696416503,'PASTA: CANNED' 구매 패턴 및 유사 카테고리 기반
79,995785,PEPPERS GREEN BELL,15.188660393999355,'PASTA: CANNED' 구매 패턴 및 유사 카테고리 기반
80,1004906,POTATOES RUSSET (BULK&BAG),32.11514695182864,'ORANGES NAVELS ALL' 구매 패턴 및 유사 카테고리 기반
80,1068719,SUGAR,27.934880530730386,'ORANGES NAVELS ALL' 구매 패턴 및 유사 카테고리 기반
80,962568,CELERY,27.4226022147954,'ORANGES NAVELS ALL' 구매 패턴 및 유사 카테고리 기반
80,845208,ONIONS YELLOW (BULK&BAG),26.50422997622076,'ORANGES NAVELS ALL' 구매 패턴 및 유사 카테고리 기반
80,1136257,SHREDDED CHEESE,25.136307260429845,'ORANGES NAVELS ALL' 구매 패턴 및 유사 카테고리 기반
81,826249,HAMBURGER BUNS,31.37528150107608,'MAINSTREAM' 구매 패턴 및 유사 카테고리 기반
81,899624,POTATOES RUSSET (BULK&BAG),28.84592125435856,'MAINSTREAM' 구매 패턴 및 유사 카테고리 기반
81,5568378,TORTILLA/NACHO CHIPS,28.42696572564592,'MAINSTREAM' 구매 패턴 및 유사 카테고리 기반
81,938700,CORN,27.65422807506424,'MAINSTREAM' 구매 패턴 및 유사 카테고리 기반
81,1071939,CREAM CHEESE,26.069515420344533,'MAINSTREAM' 구매 패턴 및 유사 카테고리 기반
82,948650,CHOICE BEEF,3.036604721438657,'CHOICE BEEF' 구매 패턴 및 유사 카테고리 기반
82,1082185,BANANAS,2.746879691434679,'CHOICE BEEF' 구매 패턴 및 유사 카테고리 기반
82,962568,CELERY,2.6274736283449136,'CHOICE BEEF' 구매 패턴 및 유사 카테고리 기반
82,823990,CHOICE BEEF,2.6146575661397367,'CHOICE BEEF' 구매 패턴 및 유사 카테고리 기반
82,1004906,POTATOES RUSSET (BULK&BAG),2.6028644732884985,'CHOICE BEEF' 구매 패턴 및 유사 카테고리 기반
83,1033142,ONIONS SWEET (BULK&BAG),8.133949592798809,'ORANGES NAVELS ALL' 구매 패턴 및 유사 카테고리 기반
83,961554,CARROTS MINI PEELED,8.081610760938473,'ORANGES NAVELS ALL' 구매 패턴 및 유사 카테고리 기반
83,834484,ONIONS OTHER,7.814219890179526,'ORANGES NAVELS ALL' 구매 패턴 및 유사 카테고리 기반
83,952163,POTATOES RUSSET (BULK&BAG),7.696654558614007,'ORANGES NAVELS ALL' 구매 패턴 및 유사 카테고리 기반
83,1098066,HOT DOG BUNS,7.466568372607656,'ORANGES NAVELS ALL' 구매 패턴 및 유사 카테고리 기반
84,1098066,HOT DOG BUNS,8.944411506504025,'MARGARINE  STICK' 구매 패턴 및 유사 카테고리 기반
84,883404,MAINSTREAM WHITE BREAD,8.706355560925768,'MARGARINE  STICK' 구매 패턴 및 유사 카테고리 기반
84,981760,EGGS - X-LARGE,8.520604037561066,'MARGARINE  STICK' 구매 패턴 및 유사 카테고리 기반
84,826249,HAMBURGER BUNS,8.492654396653334,'MARGARINE  STICK' 구매 패턴 및 유사 카테고리 기반
84,1068719,SUGAR,8.299713598790982,'MARGARINE  STICK' 구매 패턴 및 유사 카테고리 기반
85,1098066,HOT DOG BUNS,28.749113680106973,'CHEESE: PROCESSED BULK' 구매 패턴 및 유사 카테고리 기반
85,899624,POTATOES RUSSET (BULK&BAG),26.68521924403359,'CHEESE: PROCESSED BULK' 구매 패턴 및 유사 카테고리 기반
85,1029743,FLUID MILK WHITE ONLY,25.551251608420657,'CHEESE: PROCESSED BULK' 구매 패턴 및 유사 카테고리 기반
85,845208,ONIONS YELLOW (BULK&BAG),24.971362577737583,'CHEESE: PROCESSED BULK' 구매 패턴 및 유사 카테고리 기반
85,1071939,CREAM CHEESE,24.361892505222826,'CHEESE: PROCESSED BULK' 구매 패턴 및 유사 카테고리 기반
86,899624,POTATOES RUSSET (BULK&BAG),18.161622873878006,'CHEESE: PROCESSED BULK' 구매 패턴 및 유사 카테고리 기반
86,1068719,SUGAR,16.913073328277328,'CHEESE: PROCESSED BULK' 구매 패턴 및 유사 카테고리 기반
86,1033142,ONIONS SWEET (BULK&BAG),16.50449451172513,'CHEESE: PROCESSED BULK' 구매 패턴 및 유사 카테고리 기반
86,1044078,LEAN,16.503461843489134,'CHEESE: PROCESSED BULK' 구매 패턴 및 유사 카테고리 기반
86,883404,MAINSTREAM WHITE BREAD,16.499684730027962,'CHEESE: PROCESSED BULK' 구매 패턴 및 유사 카테고리 기반
87,1033142,ONIONS SWEET (BULK&BAG),2.2501016781880887,'ONIONS YELLOW (BULK&BAG)' 구매 패턴 및 유사 카테고리 기반
87,834484,ONIONS OTHER,2.000097920273862,'ONIONS YELLOW (BULK&BAG)' 구매 패턴 및 유사 카테고리 기반
87,1004906,POTATOES RUSSET (BULK&BAG),1.996630565577347,'ONIONS YELLOW (BULK&BAG)' 구매 패턴 및 유사 카테고리 기반
87,1082185,BANANAS,1.911217732408165,'ONIONS YELLOW (BULK&BAG)' 구매 패턴 및 유사 카테고리 기반
87,961554,CARROTS MINI PEELED,1.8236048699209602,'ONIONS YELLOW (BULK&BAG)' 구매 패턴 및 유사 카테고리 기반
88,859075,SHREDDED CHEESE,34.97201702169888,'ORANGES NAVELS ALL' 구매 패턴 및 유사 카테고리 기반
88,899624,POTATOES RUSSET (BULK&BAG),34.61032740354554,'ORANGES NAVELS ALL' 구매 패턴 및 유사 카테고리 기반
88,938700,CORN,33.20001468212118,'ORANGES NAVELS ALL' 구매 패턴 및 유사 카테고리 기반
88,866211,GRAPES WHITE,32.19964834930126,'ORANGES NAVELS ALL' 구매 패턴 및 유사 카테고리 기반
88,845208,ONIONS YELLOW (BULK&BAG),31.971943974167143,'ORANGES NAVELS ALL' 구매 패턴 및 유사 카테고리 기반
89,1022097,CARDS EVERYDAY,2.7417263661936975,'CARDS EVERYDAY' 구매 패턴 및 유사 카테고리 기반
89,1135476,STRAWBERRIES,2.704873146686137,'CARDS EVERYDAY' 구매 패턴 및 유사 카테고리 기반
89,866211,GRAPES WHITE,2.573123144333832,'CARDS EVERYDAY' 구매 패턴 및 유사 카테고리 기반
89,962568,CELERY,2.522283561021715,'CARDS EVERYDAY' 구매 패턴 및 유사 카테고리 기반
89,878996,GRAPES RED,2.4594273364394583,'CARDS EVERYDAY' 구매 패턴 및 유사 카테고리 기반
90,1127831,STRAWBERRIES,3.0185016176761343,'CARDS EVERYDAY' 구매 패턴 및 유사 카테고리 기반
90,981760,EGGS - X-LARGE,2.7302228633622003,'CARDS EVERYDAY' 구매 패턴 및 유사 카테고리 기반
90,878996,GRAPES RED,2.6639062809498326,'CARDS EVERYDAY' 구매 패턴 및 유사 카테고리 기반
90,961554,CARROTS MINI PEELED,2.554782705452297,'CARDS EVERYDAY' 구매 패턴 및 유사 카테고리 기반
90,1105488,GRAPES RED,2.4963148826085977,'CARDS EVERYDAY' 구매 패턴 및 유사 카테고리 기반
91,1004906,POTATOES RUSSET (BULK&BAG),12.03473807406336,'MUSHROOMS WHITE SLICED PKG' 구매 패턴 및 유사 카테고리 기반
91,844179,PRIMAL,10.918210058843584,'MUSHROOMS WHITE SLICED PKG' 구매 패턴 및 유사 카테고리 기반
91,1136257,SHREDDED CHEESE,10.804761694411374,'MUSHROOMS WHITE SLICED PKG' 구매 패턴 및 유사 카테고리 기반
91,962568,CELERY,10.739616217777288,'MUSHROOMS WHITE SLICED PKG' 구매 패턴 및 유사 카테고리 기반
91,1096036,IWS SINGLE CHEESE,10.663788832378698,'MUSHROOMS WHITE SLICED PKG' 구매 패턴 및 유사 카테고리 기반
92,1004906,POTATOES RUSSET (BULK&BAG),16.679504301910065,'ORANGES NAVELS ALL' 구매 패턴 및 유사 카테고리 기반
92,840361,EGGS - LARGE,14.982152061209073,'ORANGES NAVELS ALL' 구매 패턴 및 유사 카테고리 기반
92,1033142,ONIONS SWEET (BULK&BAG),14.625137105756318,'ORANGES NAVELS ALL' 구매 패턴 및 유사 카테고리 기반
92,1105488,GRAPES RED,13.74243831947348,'ORANGES NAVELS ALL' 구매 패턴 및 유사 카테고리 기반
92,1098066,HOT DOG BUNS,13.731440326498296,'ORANGES NAVELS ALL' 구매 패턴 및 유사 카테고리 기반
93,961554,CARROTS MINI PEELED,5.522210176576591,'REGULAR GARDEN' 구매 패턴 및 유사 카테고리 기반
93,1105488,GRAPES RED,5.121826395828909,'REGULAR GARDEN' 구매 패턴 및 유사 카테고리 기반
93,1127831,STRAWBERRIES,5.11389976929813,'REGULAR GARDEN' 구매 패턴 및 유사 카테고리 기반
93,866211,GRAPES WHITE,5.108535400779948,'REGULAR GARDEN' 구매 패턴 및 유사 카테고리 기반
93,981760,EGGS - X-LARGE,4.994864859347628,'REGULAR GARDEN' 구매 패턴 및 유사 카테고리 기반
94,1004906,POTATOES RUSSET (BULK&BAG),6.1827726370230245,'HAMBURGER BUNS' 구매 패턴 및 유사 카테고리 기반
94,1033142,ONIONS SWEET (BULK&BAG),6.06422893593635,'HAMBURGER BUNS' 구매 패턴 및 유사 카테고리 기반
94,962568,CELERY,5.598226466850057,'HAMBURGER BUNS' 구매 패턴 및 유사 카테고리 기반
94,961554,CARROTS MINI PEELED,5.450098225060419,'HAMBURGER BUNS' 구매 패턴 및 유사 카테고리 기반
94,845208,ONIONS YELLOW (BULK&BAG),5.345990278870881,'HAMBURGER BUNS' 구매 패턴 및 유사 카테고리 기반
95,860776,CUCUMBERS,27.7292945999474,'EGGS - JUMBO' 구매 패턴 및 유사 카테고리 기반
95,1081177,TOMATOES VINE RIPE BULK,27.662705066178358,'EGGS - JUMBO' 구매 패턴 및 유사 카테고리 기반
95,859075,SHREDDED CHEESE,27.270394519933266,'EGGS - JUMBO' 구매 패턴 및 유사 카테고리 기반
95,938700,CORN,26.858947639903075,'EGGS - JUMBO' 구매 패턴 및 유사 카테고리 기반
95,5568378,TORTILLA/NACHO CHIPS,25.94830292779843,'EGGS - JUMBO' 구매 패턴 및 유사 카테고리 기반
96,962568,CELERY,9.966310880138508,'SOUR CREAMS' 구매 패턴 및 유사 카테고리 기반
96,840361,EGGS - LARGE,9.666952336392471,'SOUR CREAMS' 구매 패턴 및 유사 카테고리 기반
96,1098066,HOT DOG BUNS,9.559680197179585,'SOUR CREAMS' 구매 패턴 및 유사 카테고리 기반
96,860776,CUCUMBERS,9.54434892100211,'SOUR CREAMS' 구매 패턴 및 유사 카테고리 기반
96,834484,ONIONS OTHER,9.431803717935248,'SOUR CREAMS' 구매 패턴 및 유사 카테고리 기반
97,1068719,SUGAR,32.67954075547088,'MAINSTREAM' 구매 패턴 및 유사 카테고리 기반
97,883404,MAINSTREAM WHITE BREAD,32.49696305129992,'MAINSTREAM' 구매 패턴 및 유사 카테고리 기반
97,952163,POTATOES RUSSET (BULK&BAG),30.132686751722353,'MAINSTREAM' 구매 패턴 및 유사 카테고리 기반
97,994928,EGGS - MEDIUM,28.250435971456582,'MAINSTREAM' 구매 패턴 및 유사 카테고리 기반
97,898068,CATSUP,27.640763480047426,'MAINSTREAM' 구매 패턴 및 유사 카테고리 기반
98,826249,HAMBURGER BUNS,21.063049212299084,'ORANGES NAVELS ALL' 구매 패턴 및 유사 카테고리 기반
98,899624,POTATOES RUSSET (BULK&BAG),19.774167156930698,'ORANGES NAVELS ALL' 구매 패턴 및 유사 카테고리 기반
98,1096036,IWS SINGLE CHEESE,19.526189671827574,'ORANGES NAVELS ALL' 구매 패턴 및 유사 카테고리 기반
98,1029743,FLUID MILK WHITE ONLY,19.095194754082133,'ORANGES NAVELS ALL' 구매 패턴 및 유사 카테고리 기반
98,859075,SHREDDED CHEESE,18.64701116787028,'ORANGES NAVELS ALL' 구매 패턴 및 유사 카테고리 기반
99,961554,CARROTS MINI PEELED,32.864158897189014,'CHEESE: PROCESSED BULK' 구매 패턴 및 유사 카테고리 기반
99,840361,EGGS - LARGE,32.73291860161913,'CHEESE: PROCESSED BULK' 구매 패턴 및 유사 카테고리 기반
99,1081177,TOMATOES VINE RIPE BULK,31.00780014084377,'CHEESE: PROCESSED BULK' 구매 패턴 및 유사 카테고리 기반
99,938700,CORN,30.654779341485995,'CHEESE: PROCESSED BULK' 구매 패턴 및 유사 카테고리 기반
99,923746,EGGS - LARGE,30.242348335761463,'CHEESE: PROCESSED BULK' 구매 패턴 및 유사 카테고리 기반
100,1098066,HOT DOG BUNS,11.488715044823724,'HAMBURGER BUNS' 구매 패턴 및 유사 카테고리 기반
100,844179,PRIMAL,10.458268660188498,'HAMBURGER BUNS' 구매 패턴 및 유사 카테고리 기반
100,1004906,POTATOES RUSSET (BULK&BAG),10.272162260591964,'HAMBURGER BUNS' 구매 패턴 및 유사 카테고리 기반
100,859075,SHREDDED CHEESE,10.102037304725387,'HAMBURGER BUNS' 구매 패턴 및 유사 카테고리 기반
100,1044078,LEAN,10.066194134362732,'HAMBURGER BUNS' 구매 패턴 및 유사 카테고리 기반
101,981760,EGGS - X-LARGE,24.534617662337457,'CHEESE: PROCESSED BULK' 구매 패턴 및 유사 카테고리 기반
101,883404,MAINSTREAM WHITE BREAD,23.47411578505536,'CHEESE: PROCESSED BULK' 구매 패턴 및 유사 카테고리 기반
101,1029743,FLUID MILK WHITE ONLY,23.1146535870276,'CHEESE: PROCESSED BULK' 구매 패턴 및 유사 카테고리 기반
101,1096036,IWS SINGLE CHEESE,22.090662503669286,'CHEESE: PROCESSED BULK' 구매 패턴 및 유사 카테고리 기반
101,5568378,TORTILLA/NACHO CHIPS,22.063846090328216,'CHEESE: PROCESSED BULK' 구매 패턴 및 유사 카테고리 기반
