CustomerID,ProductID,ProductName,Score,Reason,Type
1,981760,EGGS - X-LARGE,79.52728157364933,귀하가 과거에 구매하신 'ORANGES NAVELS ALL' 품목과 구매 연관성 및 상품 특성이 매우 유사합니다.,Hybrid
1,899624,POTATOES RUSSET (BULK&BAG),79.19267340266292,귀하가 과거에 구매하신 'ORANGES NAVELS ALL' 품목과 구매 연관성 및 상품 특성이 매우 유사합니다.,Hybrid
1,845208,ONIONS YELLOW (BULK&BAG),78.84977718453622,귀하가 과거에 구매하신 'ORANGES NAVELS ALL' 품목과 구매 연관성 및 상품 특성이 매우 유사합니다.,Hybrid
1,866211,GRAPES WHITE,78.68552199941433,귀하가 과거에 구매하신 'ORANGES NAVELS ALL' 품목과 구매 연관성 및 상품 특성이 매우 유사합니다.,Hybrid
1,878996,GRAPES RED,78.61824643696914,귀하가 과거에 구매하신 'ORANGES NAVELS ALL' 품목과 구매 연관성 및 상품 특성이 매우 유사합니다.,Hybrid
1,6534178,,24.681367889496826,35-49K 소득 수준 베스트셀러,Demo
1,1029743,,20.341506145259213,35-49K 소득 수준 베스트셀러,Demo
1,6534166,,20.29520678883402,35-49K 소득 수준 베스트셀러,Demo
1,995242,,20.24136430116355,35-49K 소득 수준 베스트셀러,Demo
1,1082185,,20.22573032896407,35-49K 소득 수준 베스트셀러,Demo
2,981760,EGGS - X-LARGE,82.86635413697132,귀하가 과거에 구매하신 'ORANGES NAVELS ALL' 품목과 구매 연관성 및 상품 특성이 매우 유사합니다.,Hybrid
2,845208,ONIONS YELLOW (BULK&BAG),81.98293481479573,귀하가 과거에 구매하신 'ORANGES NAVELS ALL' 품목과 구매 연관성 및 상품 특성이 매우 유사합니다.,Hybrid
2,844179,PRIMAL,81.97542989579625,귀하가 과거에 구매하신 'ORANGES NAVELS ALL' 품목과 구매 연관성 및 상품 특성이 매우 유사합니다.,Hybrid
2,962568,CELERY,81.45507690310826,귀하가 과거에 구매하신 'ORANGES NAVELS ALL' 품목과 구매 연관성 및 상품 특성이 매우 유사합니다.,Hybrid
2,1044078,LEAN,81.37362564780925,귀하가 과거에 구매하신 'ORANGES NAVELS ALL' 품목과 구매 연관성 및 상품 특성이 매우 유사합니다.,Hybrid
2,6534178,,60.0,전체 베스트셀러,Demo
2,6533889,,23.62732241536166,전체 베스트셀러,Demo
2,1029743,,23.210835685378214,전체 베스트셀러,Demo
2,6534166,,22.616417228880614,전체 베스트셀러,Demo
2,1082185,,22.289502102064553,전체 베스트셀러,Demo
3,1004906,POTATOES RUSSET (BULK&BAG),84.9820912885742,귀하가 과거에 구매하신 'PASTA: CANNED' 품목과 구매 연관성 및 상품 특성이 매우 유사합니다.,Hybrid
3,1096036,IWS SINGLE CHEESE,84.49868651149535,귀하가 과거에 구매하신 'PASTA: CANNED' 품목과 구매 연관성 및 상품 특성이 매우 유사합니다.,Hybrid
3,981760,EGGS - X-LARGE,84.24335602059588,귀하가 과거에 구매하신 'PASTA: CANNED' 품목과 구매 연관성 및 상품 특성이 매우 유사합니다.,Hybrid
3,1029743,FLUID MILK WHITE ONLY,84.22808238429647,귀하가 과거에 구매하신 'PASTA: CANNED' 품목과 구매 연관성 및 상품 특성이 매우 유사합니다.,Hybrid
3,859075,SHREDDED CHEESE,83.79012769451148,귀하가 과거에 구매하신 'PASTA: CANNED' 품목과 구매 연관성 및 상품 특성이 매우 유사합니다.,Hybrid
3,6534178,,60.0,전체 베스트셀러,Demo
3,6533889,,23.62732241536166,전체 베스트셀러,Demo
3,1029743,,23.210835685378214,전체 베스트셀러,Demo
3,6534166,,22.616417228880614,전체 베스트셀러,Demo
3,1082185,,22.289502102064553,전체 베스트셀러,Demo
4,826249,HAMBURGER BUNS,74.18770791281348,귀하가 과거에 구매하신 'GRATED CHEESE' 품목과 구매 연관성 및 상품 특성이 매우 유사합니다.,Hybrid
4,981760,EGGS - X-LARGE,74.13437719628344,귀하가 과거에 구매하신 'GRATED CHEESE' 품목과 구매 연관성 및 상품 특성이 매우 유사합니다.,Hybrid
4,844179,PRIMAL,74.12836754640956,귀하가 과거에 구매하신 'GRATED CHEESE' 품목과 구매 연관성 및 상품 특성이 매우 유사합니다.,Hybrid
4,859075,SHREDDED CHEESE,74.05265229256939,귀하가 과거에 구매하신 'GRATED CHEESE' 품목과 구매 연관성 및 상품 특성이 매우 유사합니다.,Hybrid
4,1096036,IWS SINGLE CHEESE,74.03538903969094,귀하가 과거에 구매하신 'GRATED CHEESE' 품목과 구매 연관성 및 상품 특성이 매우 유사합니다.,Hybrid
4,6534178,,60.0,전체 베스트셀러,Demo
4,6533889,,23.62732241536166,전체 베스트셀러,Demo
4,1029743,,23.210835685378214,전체 베스트셀러,Demo
4,6534166,,22.616417228880614,전체 베스트셀러,Demo
4,1082185,,22.289502102064553,전체 베스트셀러,Demo
5,995242,FLUID MILK WHITE ONLY,72.57089539069892,귀하가 과거에 구매하신 'RAMEN NOODLES/RAMEN CUPS' 품목과 구매 연관성 및 상품 특성이 매우 유사합니다.,Hybrid
5,844179,PRIMAL,72.45960700914712,귀하가 과거에 구매하신 'RAMEN NOODLES/RAMEN CUPS' 품목과 구매 연관성 및 상품 특성이 매우 유사합니다.,Hybrid
5,883404,MAINSTREAM WHITE BREAD,72.4539241697064,귀하가 과거에 구매하신 'RAMEN NOODLES/RAMEN CUPS' 품목과 구매 연관성 및 상품 특성이 매우 유사합니다.,Hybrid
5,1098066,HOT DOG BUNS,72.37606887184586,귀하가 과거에 구매하신 'RAMEN NOODLES/RAMEN CUPS' 품목과 구매 연관성 및 상품 특성이 매우 유사합니다.,Hybrid
5,938700,CORN,72.28568449513203,귀하가 과거에 구매하신 'RAMEN NOODLES/RAMEN CUPS' 품목과 구매 연관성 및 상품 특성이 매우 유사합니다.,Hybrid
5,6534178,,60.0,전체 베스트셀러,Demo
5,6533889,,23.62732241536166,전체 베스트셀러,Demo
5,1029743,,23.210835685378214,전체 베스트셀러,Demo
5,6534166,,22.616417228880614,전체 베스트셀러,Demo
5,1082185,,22.289502102064553,전체 베스트셀러,Demo
6,860776,CUCUMBERS,84.58247548772212,귀하가 과거에 구매하신 'ORANGES NAVELS ALL' 품목과 구매 연관성 및 상품 특성이 매우 유사합니다.,Hybrid
6,899624,POTATOES RUSSET (BULK&BAG),84.56396274085105,귀하가 과거에 구매하신 'ORANGES NAVELS ALL' 품목과 구매 연관성 및 상품 특성이 매우 유사합니다.,Hybrid
6,1098066,HOT DOG BUNS,84.18389067464443,귀하가 과거에 구매하신 'ORANGES NAVELS ALL' 품목과 구매 연관성 및 상품 특성이 매우 유사합니다.,Hybrid
6,1033142,ONIONS SWEET (BULK&BAG),84.0416498347159,귀하가 과거에 구매하신 'ORANGES NAVELS ALL' 품목과 구매 연관성 및 상품 특성이 매우 유사합니다.,Hybrid
6,979707,ONIONS SWEET (BULK&BAG),83.86611243410437,귀하가 과거에 구매하신 'ORANGES NAVELS ALL' 품목과 구매 연관성 및 상품 특성이 매우 유사합니다.,Hybrid
6,6534178,,60.0,전체 베스트셀러,Demo
6,6533889,,23.62732241536166,전체 베스트셀러,Demo
6,1029743,,23.210835685378214,전체 베스트셀러,Demo
6,6534166,,22.616417228880614,전체 베스트셀러,Demo
6,1082185,,22.289502102064553,전체 베스트셀러,Demo
7,1004906,POTATOES RUSSET (BULK&BAG),81.31847352066654,귀하가 과거에 구매하신 'ORANGES NAVELS ALL' 품목과 구매 연관성 및 상품 특성이 매우 유사합니다.,Hybrid
7,1098066,HOT DOG BUNS,81.1840602064205,귀하가 과거에 구매하신 'ORANGES NAVELS ALL' 품목과 구매 연관성 및 상품 특성이 매우 유사합니다.,Hybrid
7,981760,EGGS - X-LARGE,81.15828700472599,귀하가 과거에 구매하신 'ORANGES NAVELS ALL' 품목과 구매 연관성 및 상품 특성이 매우 유사합니다.,Hybrid
7,840361,EGGS - LARGE,80.65796805575684,귀하가 과거에 구매하신 'ORANGES NAVELS ALL' 품목과 구매 연관성 및 상품 특성이 매우 유사합니다.,Hybrid
7,883404,MAINSTREAM WHITE BREAD,80.50825968530015,귀하가 과거에 구매하신 'ORANGES NAVELS ALL' 품목과 구매 연관성 및 상품 특성이 매우 유사합니다.,Hybrid
7,6534178,,27.25717828622745,50-74K 소득 수준 베스트셀러,Demo
7,6534166,,20.390959005915622,50-74K 소득 수준 베스트셀러,Demo
7,1029743,,20.38093965443333,50-74K 소득 수준 베스트셀러,Demo
7,1082185,,20.283966418319928,50-74K 소득 수준 베스트셀러,Demo
7,916122,,20.27092790649729,50-74K 소득 수준 베스트셀러,Demo
8,1096036,IWS SINGLE CHEESE,91.84807946424044,귀하가 과거에 구매하신 'PASTA: CANNED' 품목과 구매 연관성 및 상품 특성이 매우 유사합니다.,Hybrid
8,866211,GRAPES WHITE,90.15058525014015,귀하가 과거에 구매하신 'PASTA: CANNED' 품목과 구매 연관성 및 상품 특성이 매우 유사합니다.,Hybrid
8,987562,SHREDDED CHEESE,89.50712134228681,귀하가 과거에 구매하신 'PASTA: CANNED' 품목과 구매 연관성 및 상품 특성이 매우 유사합니다.,Hybrid
8,999858,PRIMAL,88.70311119185547,귀하가 과거에 구매하신 'PASTA: CANNED' 품목과 구매 연관성 및 상품 특성이 매우 유사합니다.,Hybrid
8,897125,GRATED CHEESE,88.43565650487122,귀하가 과거에 구매하신 'PASTA: CANNED' 품목과 구매 연관성 및 상품 특성이 매우 유사합니다.,Hybrid
8,6534178,,21.579518486852166,25-34K 소득 수준 베스트셀러,Demo
8,6534166,,20.24115205371466,25-34K 소득 수준 베스트셀러,Demo
8,6533765,,20.198001431915092,25-34K 소득 수준 베스트셀러,Demo
8,1029743,,20.11729175593944,25-34K 소득 수준 베스트셀러,Demo
8,916122,,20.064136091474357,25-34K 소득 수준 베스트셀러,Demo
9,1004906,POTATOES RUSSET (BULK&BAG),75.27365080947578,귀하가 과거에 구매하신 'HAMBURGER BUNS' 품목과 구매 연관성 및 상품 특성이 매우 유사합니다.,Hybrid
9,1133018,FLUID MILK WHITE ONLY,75.1746161953545,귀하가 과거에 구매하신 'HAMBURGER BUNS' 품목과 구매 연관성 및 상품 특성이 매우 유사합니다.,Hybrid
9,844179,PRIMAL,75.1718532930062,귀하가 과거에 구매하신 'HAMBURGER BUNS' 품목과 구매 연관성 및 상품 특성이 매우 유사합니다.,Hybrid
9,938700,CORN,75.15549704342726,귀하가 과거에 구매하신 'HAMBURGER BUNS' 품목과 구매 연관성 및 상품 특성이 매우 유사합니다.,Hybrid
9,981760,EGGS - X-LARGE,75.01378874942041,귀하가 과거에 구매하신 'HAMBURGER BUNS' 품목과 구매 연관성 및 상품 특성이 매우 유사합니다.,Hybrid
9,6534178,,60.0,전체 베스트셀러,Demo
9,6533889,,23.62732241536166,전체 베스트셀러,Demo
9,1029743,,23.210835685378214,전체 베스트셀러,Demo
9,6534166,,22.616417228880614,전체 베스트셀러,Demo
9,1082185,,22.289502102064553,전체 베스트셀러,Demo
10,1132770,SFT DRNK 2 LITER BTL CARB INCL,72.15318613927491,귀하가 과거에 구매하신 'CHEESE: PROCESSED BULK' 품목과 구매 연관성 및 상품 특성이 매우 유사합니다.,Hybrid
10,1004906,POTATOES RUSSET (BULK&BAG),72.1313475850466,귀하가 과거에 구매하신 'CHEESE: PROCESSED BULK' 품목과 구매 연관성 및 상품 특성이 매우 유사합니다.,Hybrid
10,1098066,HOT DOG BUNS,72.10922311481185,귀하가 과거에 구매하신 'CHEESE: PROCESSED BULK' 품목과 구매 연관성 및 상품 특성이 매우 유사합니다.,Hybrid
10,883404,MAINSTREAM WHITE BREAD,72.10133392294753,귀하가 과거에 구매하신 'CHEESE: PROCESSED BULK' 품목과 구매 연관성 및 상품 특성이 매우 유사합니다.,Hybrid
10,1044078,LEAN,72.04163135199416,귀하가 과거에 구매하신 'CHEESE: PROCESSED BULK' 품목과 구매 연관성 및 상품 특성이 매우 유사합니다.,Hybrid
10,6534178,,60.0,전체 베스트셀러,Demo
10,6533889,,23.62732241536166,전체 베스트셀러,Demo
10,1029743,,23.210835685378214,전체 베스트셀러,Demo
10,6534166,,22.616417228880614,전체 베스트셀러,Demo
10,1082185,,22.289502102064553,전체 베스트셀러,Demo
11,1135476,STRAWBERRIES,71.28286703926693,귀하가 과거에 구매하신 'TOMATOES HOTHOUSE ON THE VINE' 품목과 구매 연관성 및 상품 특성이 매우 유사합니다.,Hybrid
11,866211,GRAPES WHITE,71.10026211175892,귀하가 과거에 구매하신 'TOMATOES HOTHOUSE ON THE VINE' 품목과 구매 연관성 및 상품 특성이 매우 유사합니다.,Hybrid
11,1004906,POTATOES RUSSET (BULK&BAG),71.08679148737825,귀하가 과거에 구매하신 'TOMATOES HOTHOUSE ON THE VINE' 품목과 구매 연관성 및 상품 특성이 매우 유사합니다.,Hybrid
11,962568,CELERY,71.048108797894,귀하가 과거에 구매하신 'TOMATOES HOTHOUSE ON THE VINE' 품목과 구매 연관성 및 상품 특성이 매우 유사합니다.,Hybrid
11,1029743,FLUID MILK WHITE ONLY,71.04784599460135,귀하가 과거에 구매하신 'TOMATOES HOTHOUSE ON THE VINE' 품목과 구매 연관성 및 상품 특성이 매우 유사합니다.,Hybrid
11,6534178,,60.0,전체 베스트셀러,Demo
11,6533889,,23.62732241536166,전체 베스트셀러,Demo
11,1029743,,23.210835685378214,전체 베스트셀러,Demo
11,6534166,,22.616417228880614,전체 베스트셀러,Demo
11,1082185,,22.289502102064553,전체 베스트셀러,Demo
12,962568,CELERY,73.20335008761587,귀하가 과거에 구매하신 'BUTTER SPRAY CRACKER (RITZ/CLU' 품목과 구매 연관성 및 상품 특성이 매우 유사합니다.,Hybrid
12,961554,CARROTS MINI PEELED,72.76913301382966,귀하가 과거에 구매하신 'BUTTER SPRAY CRACKER (RITZ/CLU' 품목과 구매 연관성 및 상품 특성이 매우 유사합니다.,Hybrid
12,1127831,STRAWBERRIES,72.73318219461223,귀하가 과거에 구매하신 'BUTTER SPRAY CRACKER (RITZ/CLU' 품목과 구매 연관성 및 상품 특성이 매우 유사합니다.,Hybrid
12,878996,GRAPES RED,72.68363493861347,귀하가 과거에 구매하신 'BUTTER SPRAY CRACKER (RITZ/CLU' 품목과 구매 연관성 및 상품 특성이 매우 유사합니다.,Hybrid
12,1004906,POTATOES RUSSET (BULK&BAG),72.59930583328732,귀하가 과거에 구매하신 'BUTTER SPRAY CRACKER (RITZ/CLU' 품목과 구매 연관성 및 상품 특성이 매우 유사합니다.,Hybrid
12,6534178,,60.0,전체 베스트셀러,Demo
12,6533889,,23.62732241536166,전체 베스트셀러,Demo
12,1029743,,23.210835685378214,전체 베스트셀러,Demo
12,6534166,,22.616417228880614,전체 베스트셀러,Demo
12,1082185,,22.289502102064553,전체 베스트셀러,Demo
13,1098066,HOT DOG BUNS,84.97208115270962,귀하가 과거에 구매하신 'PASTA: CANNED' 품목과 구매 연관성 및 상품 특성이 매우 유사합니다.,Hybrid
13,981760,EGGS - X-LARGE,84.87243341113778,귀하가 과거에 구매하신 'PASTA: CANNED' 품목과 구매 연관성 및 상품 특성이 매우 유사합니다.,Hybrid
13,844179,PRIMAL,83.4778919319612,귀하가 과거에 구매하신 'PASTA: CANNED' 품목과 구매 연관성 및 상품 특성이 매우 유사합니다.,Hybrid
13,883404,MAINSTREAM WHITE BREAD,83.3145863462713,귀하가 과거에 구매하신 'PASTA: CANNED' 품목과 구매 연관성 및 상품 특성이 매우 유사합니다.,Hybrid
13,1044078,LEAN,82.87453671737286,귀하가 과거에 구매하신 'PASTA: CANNED' 품목과 구매 연관성 및 상품 특성이 매우 유사합니다.,Hybrid
13,6534178,,23.731236222547093,75-99K 소득 수준 베스트셀러,Demo
13,1029743,,20.139054671325884,75-99K 소득 수준 베스트셀러,Demo
13,5569471,,20.127741166859366,75-99K 소득 수준 베스트셀러,Demo
13,1082185,,20.11291961747922,75-99K 소득 수준 베스트셀러,Demo
13,995242,,20.103676121840053,75-99K 소득 수준 베스트셀러,Demo
14,1004906,POTATOES RUSSET (BULK&BAG),85.22306312323094,귀하가 과거에 구매하신 'HAMBURGER BUNS' 품목과 구매 연관성 및 상품 특성이 매우 유사합니다.,Hybrid
14,938700,CORN,84.0860700448785,귀하가 과거에 구매하신 'HAMBURGER BUNS' 품목과 구매 연관성 및 상품 특성이 매우 유사합니다.,Hybrid
14,899624,POTATOES RUSSET (BULK&BAG),83.65713233846567,귀하가 과거에 구매하신 'HAMBURGER BUNS' 품목과 구매 연관성 및 상품 특성이 매우 유사합니다.,Hybrid
14,1106523,FLUID MILK WHITE ONLY,83.32522839733494,귀하가 과거에 구매하신 'HAMBURGER BUNS' 품목과 구매 연관성 및 상품 특성이 매우 유사합니다.,Hybrid
14,1082185,BANANAS,82.95774309781987,귀하가 과거에 구매하신 'HAMBURGER BUNS' 품목과 구매 연관성 및 상품 특성이 매우 유사합니다.,Hybrid
14,6534178,,60.0,전체 베스트셀러,Demo
14,6533889,,23.62732241536166,전체 베스트셀러,Demo
14,1029743,,23.210835685378214,전체 베스트셀러,Demo
14,6534166,,22.616417228880614,전체 베스트셀러,Demo
14,1082185,,22.289502102064553,전체 베스트셀러,Demo
15,962568,CELERY,79.189843919222,귀하가 과거에 구매하신 'VARIETY LETTUCE' 품목과 구매 연관성 및 상품 특성이 매우 유사합니다.,Hybrid
15,866211,GRAPES WHITE,78.90614997623243,귀하가 과거에 구매하신 'VARIETY LETTUCE' 품목과 구매 연관성 및 상품 특성이 매우 유사합니다.,Hybrid
15,840361,EGGS - LARGE,78.28511255679358,귀하가 과거에 구매하신 'VARIETY LETTUCE' 품목과 구매 연관성 및 상품 특성이 매우 유사합니다.,Hybrid
15,899624,POTATOES RUSSET (BULK&BAG),78.24897629732493,귀하가 과거에 구매하신 'VARIETY LETTUCE' 품목과 구매 연관성 및 상품 특성이 매우 유사합니다.,Hybrid
15,1033142,ONIONS SWEET (BULK&BAG),77.96194220679486,귀하가 과거에 구매하신 'VARIETY LETTUCE' 품목과 구매 연관성 및 상품 특성이 매우 유사합니다.,Hybrid
15,6534178,,60.0,전체 베스트셀러,Demo
15,6533889,,23.62732241536166,전체 베스트셀러,Demo
15,1029743,,23.210835685378214,전체 베스트셀러,Demo
15,6534166,,22.616417228880614,전체 베스트셀러,Demo
15,1082185,,22.289502102064553,전체 베스트셀러,Demo
16,951590,MAINSTREAM WHITE BREAD,70.12478699636,귀하가 과거에 구매하신 'SW GDS:DONUTS' 품목과 구매 연관성 및 상품 특성이 매우 유사합니다.,Hybrid
16,883404,MAINSTREAM WHITE BREAD,70.06999969148805,귀하가 과거에 구매하신 'SW GDS:DONUTS' 품목과 구매 연관성 및 상품 특성이 매우 유사합니다.,Hybrid
16,866211,GRAPES WHITE,70.06433611170364,귀하가 과거에 구매하신 'SW GDS:DONUTS' 품목과 구매 연관성 및 상품 특성이 매우 유사합니다.,Hybrid
16,1127831,STRAWBERRIES,70.0324620725164,귀하가 과거에 구매하신 'SW GDS:DONUTS' 품목과 구매 연관성 및 상품 특성이 매우 유사합니다.,Hybrid
16,838186,SW GDS:DONUTS,70.0,귀하가 과거에 구매하신 'SW GDS:DONUTS' 품목과 구매 연관성 및 상품 특성이 매우 유사합니다.,Hybrid
16,6534178,,27.25717828622745,50-74K 소득 수준 베스트셀러,Demo
16,6534166,,20.390959005915622,50-74K 소득 수준 베스트셀러,Demo
16,1029743,,20.38093965443333,50-74K 소득 수준 베스트셀러,Demo
16,1082185,,20.283966418319928,50-74K 소득 수준 베스트셀러,Demo
16,916122,,20.27092790649729,50-74K 소득 수준 베스트셀러,Demo
17,840361,EGGS - LARGE,82.12527559626324,귀하가 과거에 구매하신 'ORANGES NAVELS ALL' 품목과 구매 연관성 및 상품 특성이 매우 유사합니다.,Hybrid
17,961554,CARROTS MINI PEELED,81.76102925102413,귀하가 과거에 구매하신 'ORANGES NAVELS ALL' 품목과 구매 연관성 및 상품 특성이 매우 유사합니다.,Hybrid
17,952163,POTATOES RUSSET (BULK&BAG),81.40485362681744,귀하가 과거에 구매하신 'ORANGES NAVELS ALL' 품목과 구매 연관성 및 상품 특성이 매우 유사합니다.,Hybrid
17,1081177,TOMATOES VINE RIPE BULK,81.37794985548048,귀하가 과거에 구매하신 'ORANGES NAVELS ALL' 품목과 구매 연관성 및 상품 특성이 매우 유사합니다.,Hybrid
17,1096036,IWS SINGLE CHEESE,81.29290127305393,귀하가 과거에 구매하신 'ORANGES NAVELS ALL' 품목과 구매 연관성 및 상품 특성이 매우 유사합니다.,Hybrid
17,6534178,,21.62184396688415,Under 15K 소득 수준 베스트셀러,Demo
17,6533889,,20.187656157383948,Under 15K 소득 수준 베스트셀러,Demo
17,6533765,,20.18122116450477,Under 15K 소득 수준 베스트셀러,Demo
17,1044078,,20.08030425950025,Under 15K 소득 수준 베스트셀러,Demo
17,1106523,,20.067942236737544,Under 15K 소득 수준 베스트셀러,Demo
18,1004906,POTATOES RUSSET (BULK&BAG),85.20104230551561,귀하가 과거에 구매하신 'CHEESE: PROCESSED BULK' 품목과 구매 연관성 및 상품 특성이 매우 유사합니다.,Hybrid
18,834484,ONIONS OTHER,83.70044457067729,귀하가 과거에 구매하신 'CHEESE: PROCESSED BULK' 품목과 구매 연관성 및 상품 특성이 매우 유사합니다.,Hybrid
18,899624,POTATOES RUSSET (BULK&BAG),82.83375502536957,귀하가 과거에 구매하신 'CHEESE: PROCESSED BULK' 품목과 구매 연관성 및 상품 특성이 매우 유사합니다.,Hybrid
18,1105488,GRAPES RED,82.69011348701845,귀하가 과거에 구매하신 'CHEESE: PROCESSED BULK' 품목과 구매 연관성 및 상품 특성이 매우 유사합니다.,Hybrid
18,844179,PRIMAL,82.57927035205303,귀하가 과거에 구매하신 'CHEESE: PROCESSED BULK' 품목과 구매 연관성 및 상품 특성이 매우 유사합니다.,Hybrid
18,6534178,,21.476143645098734,100-124K 소득 수준 베스트셀러,Demo
18,6533889,,20.394702351371837,100-124K 소득 수준 베스트셀러,Demo
18,1029743,,20.026705816649287,100-124K 소득 수준 베스트셀러,Demo
18,1082185,,20.02345851017474,100-124K 소득 수준 베스트셀러,Demo
18,1106523,,20.0,100-124K 소득 수준 베스트셀러,Demo
19,1071939,CREAM CHEESE,100.0,귀하가 과거에 구매하신 'ORANGES NAVELS ALL' 품목과 구매 연관성 및 상품 특성이 매우 유사합니다.,Hybrid
19,1007195,CORN YELLOW,95.43126795722368,귀하가 과거에 구매하신 'ORANGES NAVELS ALL' 품목과 구매 연관성 및 상품 특성이 매우 유사합니다.,Hybrid
19,1038217,SOUP CRACKERS (SALTINE/OYSTER),95.24787913217179,귀하가 과거에 구매하신 'ORANGES NAVELS ALL' 품목과 구매 연관성 및 상품 특성이 매우 유사합니다.,Hybrid
19,1111072,CATSUP,94.72139097212843,귀하가 과거에 구매하신 'ORANGES NAVELS ALL' 품목과 구매 연관성 및 상품 특성이 매우 유사합니다.,Hybrid
19,951590,MAINSTREAM WHITE BREAD,94.66731180954181,귀하가 과거에 구매하신 'ORANGES NAVELS ALL' 품목과 구매 연관성 및 상품 특성이 매우 유사합니다.,Hybrid
19,6534178,,21.261786440671095,15-24K 소득 수준 베스트셀러,Demo
19,6533765,,20.182594810915546,15-24K 소득 수준 베스트셀러,Demo
19,5569230,,20.06308439344111,15-24K 소득 수준 베스트셀러,Demo
19,1029743,,20.06211377870294,15-24K 소득 수준 베스트셀러,Demo
19,1106523,,20.04967862198781,15-24K 소득 수준 베스트셀러,Demo
20,844179,PRIMAL,78.97448776987707,귀하가 과거에 구매하신 'ROLLS - PORK' 품목과 구매 연관성 및 상품 특성이 매우 유사합니다.,Hybrid
20,1098066,HOT DOG BUNS,78.20016223957371,귀하가 과거에 구매하신 'ROLLS - PORK' 품목과 구매 연관성 및 상품 특성이 매우 유사합니다.,Hybrid
20,1004906,POTATOES RUSSET (BULK&BAG),78.13204193064271,귀하가 과거에 구매하신 'ROLLS - PORK' 품목과 구매 연관성 및 상품 특성이 매우 유사합니다.,Hybrid
20,1029743,FLUID MILK WHITE ONLY,77.89427571706788,귀하가 과거에 구매하신 'ROLLS - PORK' 품목과 구매 연관성 및 상품 특성이 매우 유사합니다.,Hybrid
20,995242,FLUID MILK WHITE ONLY,77.58716049409183,귀하가 과거에 구매하신 'ROLLS - PORK' 품목과 구매 연관성 및 상품 특성이 매우 유사합니다.,Hybrid
20,6534178,,23.731236222547093,75-99K 소득 수준 베스트셀러,Demo
20,1029743,,20.139054671325884,75-99K 소득 수준 베스트셀러,Demo
20,5569471,,20.127741166859366,75-99K 소득 수준 베스트셀러,Demo
20,1082185,,20.11291961747922,75-99K 소득 수준 베스트셀러,Demo
20,995242,,20.103676121840053,75-99K 소득 수준 베스트셀러,Demo
21,826249,HAMBURGER BUNS,77.45050945367065,귀하가 과거에 구매하신 'PASTA: CANNED' 품목과 구매 연관성 및 상품 특성이 매우 유사합니다.,Hybrid
21,1004906,POTATOES RUSSET (BULK&BAG),76.86621446796343,귀하가 과거에 구매하신 'PASTA: CANNED' 품목과 구매 연관성 및 상품 특성이 매우 유사합니다.,Hybrid
21,859075,SHREDDED CHEESE,76.86617811220991,귀하가 과거에 구매하신 'PASTA: CANNED' 품목과 구매 연관성 및 상품 특성이 매우 유사합니다.,Hybrid
21,844179,PRIMAL,76.72009059901211,귀하가 과거에 구매하신 'PASTA: CANNED' 품목과 구매 연관성 및 상품 특성이 매우 유사합니다.,Hybrid
21,1133018,FLUID MILK WHITE ONLY,76.67516931889453,귀하가 과거에 구매하신 'PASTA: CANNED' 품목과 구매 연관성 및 상품 특성이 매우 유사합니다.,Hybrid
21,6534178,,60.0,전체 베스트셀러,Demo
21,6533889,,23.62732241536166,전체 베스트셀러,Demo
21,1029743,,23.210835685378214,전체 베스트셀러,Demo
21,6534166,,22.616417228880614,전체 베스트셀러,Demo
21,1082185,,22.289502102064553,전체 베스트셀러,Demo
22,899624,POTATOES RUSSET (BULK&BAG),80.41396278449555,귀하가 과거에 구매하신 'ORANGES NAVELS ALL' 품목과 구매 연관성 및 상품 특성이 매우 유사합니다.,Hybrid
22,845208,ONIONS YELLOW (BULK&BAG),80.30536367074454,귀하가 과거에 구매하신 'ORANGES NAVELS ALL' 품목과 구매 연관성 및 상품 특성이 매우 유사합니다.,Hybrid
22,995785,PEPPERS GREEN BELL,79.97119366213613,귀하가 과거에 구매하신 'ORANGES NAVELS ALL' 품목과 구매 연관성 및 상품 특성이 매우 유사합니다.,Hybrid
22,860776,CUCUMBERS,79.95852784101092,귀하가 과거에 구매하신 'ORANGES NAVELS ALL' 품목과 구매 연관성 및 상품 특성이 매우 유사합니다.,Hybrid
22,952163,POTATOES RUSSET (BULK&BAG),79.85363731038986,귀하가 과거에 구매하신 'ORANGES NAVELS ALL' 품목과 구매 연관성 및 상품 특성이 매우 유사합니다.,Hybrid
22,6534178,,23.731236222547093,75-99K 소득 수준 베스트셀러,Demo
22,1029743,,20.139054671325884,75-99K 소득 수준 베스트셀러,Demo
22,5569471,,20.127741166859366,75-99K 소득 수준 베스트셀러,Demo
22,1082185,,20.11291961747922,75-99K 소득 수준 베스트셀러,Demo
22,995242,,20.103676121840053,75-99K 소득 수준 베스트셀러,Demo
23,1004906,POTATOES RUSSET (BULK&BAG),78.44302868222647,귀하가 과거에 구매하신 'PASTA: CANNED' 품목과 구매 연관성 및 상품 특성이 매우 유사합니다.,Hybrid
23,826249,HAMBURGER BUNS,77.942029356312,귀하가 과거에 구매하신 'PASTA: CANNED' 품목과 구매 연관성 및 상품 특성이 매우 유사합니다.,Hybrid
23,962568,CELERY,77.76898363166244,귀하가 과거에 구매하신 'PASTA: CANNED' 품목과 구매 연관성 및 상품 특성이 매우 유사합니다.,Hybrid
23,859075,SHREDDED CHEESE,77.61026785988686,귀하가 과거에 구매하신 'PASTA: CANNED' 품목과 구매 연관성 및 상품 특성이 매우 유사합니다.,Hybrid
23,883404,MAINSTREAM WHITE BREAD,77.42453358034315,귀하가 과거에 구매하신 'PASTA: CANNED' 품목과 구매 연관성 및 상품 특성이 매우 유사합니다.,Hybrid
23,6534178,,60.0,전체 베스트셀러,Demo
23,6533889,,23.62732241536166,전체 베스트셀러,Demo
23,1029743,,23.210835685378214,전체 베스트셀러,Demo
23,6534166,,22.616417228880614,전체 베스트셀러,Demo
23,1082185,,22.289502102064553,전체 베스트셀러,Demo
24,981760,EGGS - X-LARGE,82.65283463414967,귀하가 과거에 구매하신 'HAMBURGER BUNS' 품목과 구매 연관성 및 상품 특성이 매우 유사합니다.,Hybrid
24,1029743,FLUID MILK WHITE ONLY,82.54232582906761,귀하가 과거에 구매하신 'HAMBURGER BUNS' 품목과 구매 연관성 및 상품 특성이 매우 유사합니다.,Hybrid
24,844179,PRIMAL,82.32965810525172,귀하가 과거에 구매하신 'HAMBURGER BUNS' 품목과 구매 연관성 및 상품 특성이 매우 유사합니다.,Hybrid
24,1004906,POTATOES RUSSET (BULK&BAG),82.17771605695116,귀하가 과거에 구매하신 'HAMBURGER BUNS' 품목과 구매 연관성 및 상품 특성이 매우 유사합니다.,Hybrid
24,899624,POTATOES RUSSET (BULK&BAG),81.3206041023646,귀하가 과거에 구매하신 'HAMBURGER BUNS' 품목과 구매 연관성 및 상품 특성이 매우 유사합니다.,Hybrid
24,6534178,,60.0,전체 베스트셀러,Demo
24,6533889,,23.62732241536166,전체 베스트셀러,Demo
24,1029743,,23.210835685378214,전체 베스트셀러,Demo
24,6534166,,22.616417228880614,전체 베스트셀러,Demo
24,1082185,,22.289502102064553,전체 베스트셀러,Demo
25,899624,POTATOES RUSSET (BULK&BAG),83.19882421552555,귀하가 과거에 구매하신 'ROLLS - PORK' 품목과 구매 연관성 및 상품 특성이 매우 유사합니다.,Hybrid
25,840361,EGGS - LARGE,82.84770680641499,귀하가 과거에 구매하신 'ROLLS - PORK' 품목과 구매 연관성 및 상품 특성이 매우 유사합니다.,Hybrid
25,1096036,IWS SINGLE CHEESE,82.57852307767504,귀하가 과거에 구매하신 'ROLLS - PORK' 품목과 구매 연관성 및 상품 특성이 매우 유사합니다.,Hybrid
25,962568,CELERY,82.11982796617991,귀하가 과거에 구매하신 'ROLLS - PORK' 품목과 구매 연관성 및 상품 특성이 매우 유사합니다.,Hybrid
25,1136257,SHREDDED CHEESE,81.90646235506354,귀하가 과거에 구매하신 'ROLLS - PORK' 품목과 구매 연관성 및 상품 특성이 매우 유사합니다.,Hybrid
25,6534178,,27.25717828622745,50-74K 소득 수준 베스트셀러,Demo
25,6534166,,20.390959005915622,50-74K 소득 수준 베스트셀러,Demo
25,1029743,,20.38093965443333,50-74K 소득 수준 베스트셀러,Demo
25,1082185,,20.283966418319928,50-74K 소득 수준 베스트셀러,Demo
25,916122,,20.27092790649729,50-74K 소득 수준 베스트셀러,Demo
26,1098066,HOT DOG BUNS,83.34540321517193,귀하가 과거에 구매하신 'MAINSTREAM' 품목과 구매 연관성 및 상품 특성이 매우 유사합니다.,Hybrid
26,844179,PRIMAL,82.94713317492182,귀하가 과거에 구매하신 'MAINSTREAM' 품목과 구매 연관성 및 상품 특성이 매우 유사합니다.,Hybrid
26,1044078,LEAN,82.55124660059666,귀하가 과거에 구매하신 'MAINSTREAM' 품목과 구매 연관성 및 상품 특성이 매우 유사합니다.,Hybrid
26,899624,POTATOES RUSSET (BULK&BAG),82.50782095727921,귀하가 과거에 구매하신 'MAINSTREAM' 품목과 구매 연관성 및 상품 특성이 매우 유사합니다.,Hybrid
26,883404,MAINSTREAM WHITE BREAD,81.9265137257143,귀하가 과거에 구매하신 'MAINSTREAM' 품목과 구매 연관성 및 상품 특성이 매우 유사합니다.,Hybrid
26,6534178,,60.0,전체 베스트셀러,Demo
26,6533889,,23.62732241536166,전체 베스트셀러,Demo
26,1029743,,23.210835685378214,전체 베스트셀러,Demo
26,6534166,,22.616417228880614,전체 베스트셀러,Demo
26,1082185,,22.289502102064553,전체 베스트셀러,Demo
27,859075,SHREDDED CHEESE,74.87916116135034,귀하가 과거에 구매하신 'MARGARINE  STICK' 품목과 구매 연관성 및 상품 특성이 매우 유사합니다.,Hybrid
27,1124729,CANDY BARS (SINGLES)(INCLUDING,74.82899909879619,귀하가 과거에 구매하신 'MARGARINE  STICK' 품목과 구매 연관성 및 상품 특성이 매우 유사합니다.,Hybrid
27,1080414,CANDY BARS (SINGLES)(INCLUDING,74.68986539303748,귀하가 과거에 구매하신 'MARGARINE  STICK' 품목과 구매 연관성 및 상품 특성이 매우 유사합니다.,Hybrid
27,1098066,HOT DOG BUNS,74.62168907467115,귀하가 과거에 구매하신 'MARGARINE  STICK' 품목과 구매 연관성 및 상품 특성이 매우 유사합니다.,Hybrid
27,1004906,POTATOES RUSSET (BULK&BAG),74.59193573841966,귀하가 과거에 구매하신 'MARGARINE  STICK' 품목과 구매 연관성 및 상품 특성이 매우 유사합니다.,Hybrid
27,6534178,,21.579518486852166,25-34K 소득 수준 베스트셀러,Demo
27,6534166,,20.24115205371466,25-34K 소득 수준 베스트셀러,Demo
27,6533765,,20.198001431915092,25-34K 소득 수준 베스트셀러,Demo
27,1029743,,20.11729175593944,25-34K 소득 수준 베스트셀러,Demo
27,916122,,20.064136091474357,25-34K 소득 수준 베스트셀러,Demo
28,1082185,BANANAS,74.51612433661937,귀하가 과거에 구매하신 'VARIETY LETTUCE' 품목과 구매 연관성 및 상품 특성이 매우 유사합니다.,Hybrid
28,962568,CELERY,73.97818800282934,귀하가 과거에 구매하신 'VARIETY LETTUCE' 품목과 구매 연관성 및 상품 특성이 매우 유사합니다.,Hybrid
28,1004906,POTATOES RUSSET (BULK&BAG),73.88378073845189,귀하가 과거에 구매하신 'VARIETY LETTUCE' 품목과 구매 연관성 및 상품 특성이 매우 유사합니다.,Hybrid
28,961554,CARROTS MINI PEELED,73.87014773361646,귀하가 과거에 구매하신 'VARIETY LETTUCE' 품목과 구매 연관성 및 상품 특성이 매우 유사합니다.,Hybrid
28,866211,GRAPES WHITE,73.86718224320943,귀하가 과거에 구매하신 'VARIETY LETTUCE' 품목과 구매 연관성 및 상품 특성이 매우 유사합니다.,Hybrid
28,6534178,,60.0,전체 베스트셀러,Demo
28,6533889,,23.62732241536166,전체 베스트셀러,Demo
28,1029743,,23.210835685378214,전체 베스트셀러,Demo
28,6534166,,22.616417228880614,전체 베스트셀러,Demo
28,1082185,,22.289502102064553,전체 베스트셀러,Demo
29,1098066,HOT DOG BUNS,77.46864909686238,귀하가 과거에 구매하신 'HAMBURGER BUNS' 품목과 구매 연관성 및 상품 특성이 매우 유사합니다.,Hybrid
29,844179,PRIMAL,77.04306010862044,귀하가 과거에 구매하신 'HAMBURGER BUNS' 품목과 구매 연관성 및 상품 특성이 매우 유사합니다.,Hybrid
29,1004906,POTATOES RUSSET (BULK&BAG),76.72441386075349,귀하가 과거에 구매하신 'HAMBURGER BUNS' 품목과 구매 연관성 및 상품 특성이 매우 유사합니다.,Hybrid
29,1068719,SUGAR,76.41010134945462,귀하가 과거에 구매하신 'HAMBURGER BUNS' 품목과 구매 연관성 및 상품 특성이 매우 유사합니다.,Hybrid
29,1136257,SHREDDED CHEESE,76.27189786863654,귀하가 과거에 구매하신 'HAMBURGER BUNS' 품목과 구매 연관성 및 상품 특성이 매우 유사합니다.,Hybrid
29,6534178,,60.0,전체 베스트셀러,Demo
29,6533889,,23.62732241536166,전체 베스트셀러,Demo
29,1029743,,23.210835685378214,전체 베스트셀러,Demo
29,6534166,,22.616417228880614,전체 베스트셀러,Demo
29,1082185,,22.289502102064553,전체 베스트셀러,Demo
30,1004906,POTATOES RUSSET (BULK&BAG),76.35147483621652,귀하가 과거에 구매하신 'MARGARINE  STICK' 품목과 구매 연관성 및 상품 특성이 매우 유사합니다.,Hybrid
30,1082185,BANANAS,76.07292520923166,귀하가 과거에 구매하신 'MARGARINE  STICK' 품목과 구매 연관성 및 상품 특성이 매우 유사합니다.,Hybrid
30,1029743,FLUID MILK WHITE ONLY,75.56472959978723,귀하가 과거에 구매하신 'MARGARINE  STICK' 품목과 구매 연관성 및 상품 특성이 매우 유사합니다.,Hybrid
30,899624,POTATOES RUSSET (BULK&BAG),75.45226956464812,귀하가 과거에 구매하신 'MARGARINE  STICK' 품목과 구매 연관성 및 상품 특성이 매우 유사합니다.,Hybrid
30,987562,SHREDDED CHEESE,75.36003266947502,귀하가 과거에 구매하신 'MARGARINE  STICK' 품목과 구매 연관성 및 상품 특성이 매우 유사합니다.,Hybrid
30,6534178,,60.0,전체 베스트셀러,Demo
30,6533889,,23.62732241536166,전체 베스트셀러,Demo
30,1029743,,23.210835685378214,전체 베스트셀러,Demo
30,6534166,,22.616417228880614,전체 베스트셀러,Demo
30,1082185,,22.289502102064553,전체 베스트셀러,Demo
31,899624,POTATOES RUSSET (BULK&BAG),81.88811883592697,귀하가 과거에 구매하신 'MAINSTREAM' 품목과 구매 연관성 및 상품 특성이 매우 유사합니다.,Hybrid
31,995242,FLUID MILK WHITE ONLY,81.31730647821726,귀하가 과거에 구매하신 'MAINSTREAM' 품목과 구매 연관성 및 상품 특성이 매우 유사합니다.,Hybrid
31,1071939,CREAM CHEESE,81.2873859507663,귀하가 과거에 구매하신 'MAINSTREAM' 품목과 구매 연관성 및 상품 특성이 매우 유사합니다.,Hybrid
31,1098066,HOT DOG BUNS,81.26928001903626,귀하가 과거에 구매하신 'MAINSTREAM' 품목과 구매 연관성 및 상품 특성이 매우 유사합니다.,Hybrid
31,878996,GRAPES RED,81.25142163104931,귀하가 과거에 구매하신 'MAINSTREAM' 품목과 구매 연관성 및 상품 특성이 매우 유사합니다.,Hybrid
31,6534178,,24.681367889496826,35-49K 소득 수준 베스트셀러,Demo
31,1029743,,20.341506145259213,35-49K 소득 수준 베스트셀러,Demo
31,6534166,,20.29520678883402,35-49K 소득 수준 베스트셀러,Demo
31,995242,,20.24136430116355,35-49K 소득 수준 베스트셀러,Demo
31,1082185,,20.22573032896407,35-49K 소득 수준 베스트셀러,Demo
32,866211,GRAPES WHITE,79.32506575971006,귀하가 과거에 구매하신 'MARGARINE  STICK' 품목과 구매 연관성 및 상품 특성이 매우 유사합니다.,Hybrid
32,834484,ONIONS OTHER,79.05305933782111,귀하가 과거에 구매하신 'MARGARINE  STICK' 품목과 구매 연관성 및 상품 특성이 매우 유사합니다.,Hybrid
32,1033142,ONIONS SWEET (BULK&BAG),78.93095778349087,귀하가 과거에 구매하신 'MARGARINE  STICK' 품목과 구매 연관성 및 상품 특성이 매우 유사합니다.,Hybrid
32,979707,ONIONS SWEET (BULK&BAG),78.86256910780438,귀하가 과거에 구매하신 'MARGARINE  STICK' 품목과 구매 연관성 및 상품 특성이 매우 유사합니다.,Hybrid
32,859075,SHREDDED CHEESE,78.6890817955168,귀하가 과거에 구매하신 'MARGARINE  STICK' 품목과 구매 연관성 및 상품 특성이 매우 유사합니다.,Hybrid
32,6534178,,60.0,전체 베스트셀러,Demo
32,6533889,,23.62732241536166,전체 베스트셀러,Demo
32,1029743,,23.210835685378214,전체 베스트셀러,Demo
32,6534166,,22.616417228880614,전체 베스트셀러,Demo
32,1082185,,22.289502102064553,전체 베스트셀러,Demo
33,883404,MAINSTREAM WHITE BREAD,78.05983817234628,귀하가 과거에 구매하신 'HAMBURGER BUNS' 품목과 구매 연관성 및 상품 특성이 매우 유사합니다.,Hybrid
33,859075,SHREDDED CHEESE,78.05305036650205,귀하가 과거에 구매하신 'HAMBURGER BUNS' 품목과 구매 연관성 및 상품 특성이 매우 유사합니다.,Hybrid
33,1004906,POTATOES RUSSET (BULK&BAG),77.9083770559816,귀하가 과거에 구매하신 'HAMBURGER BUNS' 품목과 구매 연관성 및 상품 특성이 매우 유사합니다.,Hybrid
33,844179,PRIMAL,77.73267165117781,귀하가 과거에 구매하신 'HAMBURGER BUNS' 품목과 구매 연관성 및 상품 특성이 매우 유사합니다.,Hybrid
33,995242,FLUID MILK WHITE ONLY,77.41123905440651,귀하가 과거에 구매하신 'HAMBURGER BUNS' 품목과 구매 연관성 및 상품 특성이 매우 유사합니다.,Hybrid
33,6534178,,60.0,전체 베스트셀러,Demo
33,6533889,,23.62732241536166,전체 베스트셀러,Demo
33,1029743,,23.210835685378214,전체 베스트셀러,Demo
33,6534166,,22.616417228880614,전체 베스트셀러,Demo
33,1082185,,22.289502102064553,전체 베스트셀러,Demo
34,1098066,HOT DOG BUNS,76.23643308047562,귀하가 과거에 구매하신 'MAINSTREAM' 품목과 구매 연관성 및 상품 특성이 매우 유사합니다.,Hybrid
34,844179,PRIMAL,75.52759956347758,귀하가 과거에 구매하신 'MAINSTREAM' 품목과 구매 연관성 및 상품 특성이 매우 유사합니다.,Hybrid
34,995242,FLUID MILK WHITE ONLY,75.32112702367431,귀하가 과거에 구매하신 'MAINSTREAM' 품목과 구매 연관성 및 상품 특성이 매우 유사합니다.,Hybrid
34,899624,POTATOES RUSSET (BULK&BAG),75.25382200409159,귀하가 과거에 구매하신 'MAINSTREAM' 품목과 구매 연관성 및 상품 특성이 매우 유사합니다.,Hybrid
34,859075,SHREDDED CHEESE,75.20026178002908,귀하가 과거에 구매하신 'MAINSTREAM' 품목과 구매 연관성 및 상품 특성이 매우 유사합니다.,Hybrid
34,6534178,,60.0,전체 베스트셀러,Demo
34,6533889,,23.62732241536166,전체 베스트셀러,Demo
34,1029743,,23.210835685378214,전체 베스트셀러,Demo
34,6534166,,22.616417228880614,전체 베스트셀러,Demo
34,1082185,,22.289502102064553,전체 베스트셀러,Demo
35,995242,FLUID MILK WHITE ONLY,77.32320123162847,귀하가 과거에 구매하신 'CHEESE: PROCESSED BULK' 품목과 구매 연관성 및 상품 특성이 매우 유사합니다.,Hybrid
35,883404,MAINSTREAM WHITE BREAD,77.20539406857432,귀하가 과거에 구매하신 'CHEESE: PROCESSED BULK' 품목과 구매 연관성 및 상품 특성이 매우 유사합니다.,Hybrid
35,1098066,HOT DOG BUNS,77.0269643865422,귀하가 과거에 구매하신 'CHEESE: PROCESSED BULK' 품목과 구매 연관성 및 상품 특성이 매우 유사합니다.,Hybrid
35,1106523,FLUID MILK WHITE ONLY,76.71320290145479,귀하가 과거에 구매하신 'CHEESE: PROCESSED BULK' 품목과 구매 연관성 및 상품 특성이 매우 유사합니다.,Hybrid
35,1004906,POTATOES RUSSET (BULK&BAG),76.70545599611681,귀하가 과거에 구매하신 'CHEESE: PROCESSED BULK' 품목과 구매 연관성 및 상품 특성이 매우 유사합니다.,Hybrid
35,6534178,,60.0,전체 베스트셀러,Demo
35,6533889,,23.62732241536166,전체 베스트셀러,Demo
35,1029743,,23.210835685378214,전체 베스트셀러,Demo
35,6534166,,22.616417228880614,전체 베스트셀러,Demo
35,1082185,,22.289502102064553,전체 베스트셀러,Demo
36,1004906,POTATOES RUSSET (BULK&BAG),84.30865569146769,귀하가 과거에 구매하신 'MAINSTREAM' 품목과 구매 연관성 및 상품 특성이 매우 유사합니다.,Hybrid
36,844179,PRIMAL,83.25162346828633,귀하가 과거에 구매하신 'MAINSTREAM' 품목과 구매 연관성 및 상품 특성이 매우 유사합니다.,Hybrid
36,859075,SHREDDED CHEESE,82.96266119919902,귀하가 과거에 구매하신 'MAINSTREAM' 품목과 구매 연관성 및 상품 특성이 매우 유사합니다.,Hybrid
36,899624,POTATOES RUSSET (BULK&BAG),82.56548111334884,귀하가 과거에 구매하신 'MAINSTREAM' 품목과 구매 연관성 및 상품 특성이 매우 유사합니다.,Hybrid
36,845208,ONIONS YELLOW (BULK&BAG),81.86758063178121,귀하가 과거에 구매하신 'MAINSTREAM' 품목과 구매 연관성 및 상품 특성이 매우 유사합니다.,Hybrid
36,6534178,,60.0,전체 베스트셀러,Demo
36,6533889,,23.62732241536166,전체 베스트셀러,Demo
36,1029743,,23.210835685378214,전체 베스트셀러,Demo
36,6534166,,22.616417228880614,전체 베스트셀러,Demo
36,1082185,,22.289502102064553,전체 베스트셀러,Demo
37,1082185,BANANAS,76.97490864158482,귀하가 과거에 구매하신 'MUSHROOMS WHITE SLICED PKG' 품목과 구매 연관성 및 상품 특성이 매우 유사합니다.,Hybrid
37,1004906,POTATOES RUSSET (BULK&BAG),75.83758935073966,귀하가 과거에 구매하신 'MUSHROOMS WHITE SLICED PKG' 품목과 구매 연관성 및 상품 특성이 매우 유사합니다.,Hybrid
37,1033142,ONIONS SWEET (BULK&BAG),75.75496423903748,귀하가 과거에 구매하신 'MUSHROOMS WHITE SLICED PKG' 품목과 구매 연관성 및 상품 특성이 매우 유사합니다.,Hybrid
37,1105488,GRAPES RED,75.51041508398151,귀하가 과거에 구매하신 'MUSHROOMS WHITE SLICED PKG' 품목과 구매 연관성 및 상품 특성이 매우 유사합니다.,Hybrid
37,834484,ONIONS OTHER,75.49442037863562,귀하가 과거에 구매하신 'MUSHROOMS WHITE SLICED PKG' 품목과 구매 연관성 및 상품 특성이 매우 유사합니다.,Hybrid
37,6534178,,60.0,전체 베스트셀러,Demo
37,6533889,,23.62732241536166,전체 베스트셀러,Demo
37,1029743,,23.210835685378214,전체 베스트셀러,Demo
37,6534166,,22.616417228880614,전체 베스트셀러,Demo
37,1082185,,22.289502102064553,전체 베스트셀러,Demo
38,1127831,STRAWBERRIES,71.53163876077261,귀하가 과거에 구매하신 'GRAPES WHITE' 품목과 구매 연관성 및 상품 특성이 매우 유사합니다.,Hybrid
38,878996,GRAPES RED,71.49338415372493,귀하가 과거에 구매하신 'GRAPES WHITE' 품목과 구매 연관성 및 상품 특성이 매우 유사합니다.,Hybrid
38,962568,CELERY,71.35213199684505,귀하가 과거에 구매하신 'GRAPES WHITE' 품목과 구매 연관성 및 상품 특성이 매우 유사합니다.,Hybrid
38,1105488,GRAPES RED,71.31573431695173,귀하가 과거에 구매하신 'GRAPES WHITE' 품목과 구매 연관성 및 상품 특성이 매우 유사합니다.,Hybrid
38,820165,ORANGES NAVELS ALL,71.29579140713,귀하가 과거에 구매하신 'GRAPES WHITE' 품목과 구매 연관성 및 상품 특성이 매우 유사합니다.,Hybrid
38,6534178,,60.0,전체 베스트셀러,Demo
38,6533889,,23.62732241536166,전체 베스트셀러,Demo
38,1029743,,23.210835685378214,전체 베스트셀러,Demo
38,6534166,,22.616417228880614,전체 베스트셀러,Demo
38,1082185,,22.289502102064553,전체 베스트셀러,Demo
39,1004906,POTATOES RUSSET (BULK&BAG),89.15175796896071,귀하가 과거에 구매하신 'PASTA: CANNED' 품목과 구매 연관성 및 상품 특성이 매우 유사합니다.,Hybrid
39,1029743,FLUID MILK WHITE ONLY,86.7618540150992,귀하가 과거에 구매하신 'PASTA: CANNED' 품목과 구매 연관성 및 상품 특성이 매우 유사합니다.,Hybrid
39,899624,POTATOES RUSSET (BULK&BAG),86.63283065445202,귀하가 과거에 구매하신 'PASTA: CANNED' 품목과 구매 연관성 및 상품 특성이 매우 유사합니다.,Hybrid
39,1096036,IWS SINGLE CHEESE,86.27355483374329,귀하가 과거에 구매하신 'PASTA: CANNED' 품목과 구매 연관성 및 상품 특성이 매우 유사합니다.,Hybrid
39,878996,GRAPES RED,86.01999288990147,귀하가 과거에 구매하신 'PASTA: CANNED' 품목과 구매 연관성 및 상품 특성이 매우 유사합니다.,Hybrid
39,6534178,,21.729913690409592,125-149K 소득 수준 베스트셀러,Demo
39,6533889,,20.260413310967593,125-149K 소득 수준 베스트셀러,Demo
39,6534166,,20.200545221564674,125-149K 소득 수준 베스트셀러,Demo
39,1029743,,20.100693528475915,125-149K 소득 수준 베스트셀러,Demo
39,1127831,,20.04485655073332,125-149K 소득 수준 베스트셀러,Demo
40,981760,EGGS - X-LARGE,89.4351378325032,귀하가 과거에 구매하신 'ORANGES NAVELS ALL' 품목과 구매 연관성 및 상품 특성이 매우 유사합니다.,Hybrid
40,979707,ONIONS SWEET (BULK&BAG),87.97570269646175,귀하가 과거에 구매하신 'ORANGES NAVELS ALL' 품목과 구매 연관성 및 상품 특성이 매우 유사합니다.,Hybrid
40,844179,PRIMAL,87.57799550626589,귀하가 과거에 구매하신 'ORANGES NAVELS ALL' 품목과 구매 연관성 및 상품 특성이 매우 유사합니다.,Hybrid
40,1081177,TOMATOES VINE RIPE BULK,87.11509695005286,귀하가 과거에 구매하신 'ORANGES NAVELS ALL' 품목과 구매 연관성 및 상품 특성이 매우 유사합니다.,Hybrid
40,1029743,FLUID MILK WHITE ONLY,86.86858229305952,귀하가 과거에 구매하신 'ORANGES NAVELS ALL' 품목과 구매 연관성 및 상품 특성이 매우 유사합니다.,Hybrid
40,6534178,,21.62184396688415,Under 15K 소득 수준 베스트셀러,Demo
40,6533889,,20.187656157383948,Under 15K 소득 수준 베스트셀러,Demo
40,6533765,,20.18122116450477,Under 15K 소득 수준 베스트셀러,Demo
40,1044078,,20.08030425950025,Under 15K 소득 수준 베스트셀러,Demo
40,1106523,,20.067942236737544,Under 15K 소득 수준 베스트셀러,Demo
41,1004906,POTATOES RUSSET (BULK&BAG),76.16780530744857,귀하가 과거에 구매하신 'ORANGES NAVELS ALL' 품목과 구매 연관성 및 상품 특성이 매우 유사합니다.,Hybrid
41,961554,CARROTS MINI PEELED,75.9708413400056,귀하가 과거에 구매하신 'ORANGES NAVELS ALL' 품목과 구매 연관성 및 상품 특성이 매우 유사합니다.,Hybrid
41,840361,EGGS - LARGE,75.87682673721446,귀하가 과거에 구매하신 'ORANGES NAVELS ALL' 품목과 구매 연관성 및 상품 특성이 매우 유사합니다.,Hybrid
41,844179,PRIMAL,75.8666137056013,귀하가 과거에 구매하신 'ORANGES NAVELS ALL' 품목과 구매 연관성 및 상품 특성이 매우 유사합니다.,Hybrid
41,1098066,HOT DOG BUNS,75.86175042203266,귀하가 과거에 구매하신 'ORANGES NAVELS ALL' 품목과 구매 연관성 및 상품 특성이 매우 유사합니다.,Hybrid
41,6534178,,60.0,전체 베스트셀러,Demo
41,6533889,,23.62732241536166,전체 베스트셀러,Demo
41,1029743,,23.210835685378214,전체 베스트셀러,Demo
41,6534166,,22.616417228880614,전체 베스트셀러,Demo
41,1082185,,22.289502102064553,전체 베스트셀러,Demo
42,859075,SHREDDED CHEESE,75.53314577043787,귀하가 과거에 구매하신 'ORANGES NAVELS ALL' 품목과 구매 연관성 및 상품 특성이 매우 유사합니다.,Hybrid
42,1098066,HOT DOG BUNS,75.13147224386843,귀하가 과거에 구매하신 'ORANGES NAVELS ALL' 품목과 구매 연관성 및 상품 특성이 매우 유사합니다.,Hybrid
42,1004906,POTATOES RUSSET (BULK&BAG),75.08951372576243,귀하가 과거에 구매하신 'ORANGES NAVELS ALL' 품목과 구매 연관성 및 상품 특성이 매우 유사합니다.,Hybrid
42,826249,HAMBURGER BUNS,74.89128131159157,귀하가 과거에 구매하신 'ORANGES NAVELS ALL' 품목과 구매 연관성 및 상품 특성이 매우 유사합니다.,Hybrid
42,844179,PRIMAL,74.82747989066844,귀하가 과거에 구매하신 'ORANGES NAVELS ALL' 품목과 구매 연관성 및 상품 특성이 매우 유사합니다.,Hybrid
42,6534178,,27.25717828622745,50-74K 소득 수준 베스트셀러,Demo
42,6534166,,20.390959005915622,50-74K 소득 수준 베스트셀러,Demo
42,1029743,,20.38093965443333,50-74K 소득 수준 베스트셀러,Demo
42,1082185,,20.283966418319928,50-74K 소득 수준 베스트셀러,Demo
42,916122,,20.27092790649729,50-74K 소득 수준 베스트셀러,Demo
43,981760,EGGS - X-LARGE,75.81069938080472,귀하가 과거에 구매하신 'HAMBURGER BUNS' 품목과 구매 연관성 및 상품 특성이 매우 유사합니다.,Hybrid
43,1098066,HOT DOG BUNS,75.60580406871294,귀하가 과거에 구매하신 'HAMBURGER BUNS' 품목과 구매 연관성 및 상품 특성이 매우 유사합니다.,Hybrid
43,899624,POTATOES RUSSET (BULK&BAG),75.51047427991742,귀하가 과거에 구매하신 'HAMBURGER BUNS' 품목과 구매 연관성 및 상품 특성이 매우 유사합니다.,Hybrid
43,1068719,SUGAR,75.48211346479269,귀하가 과거에 구매하신 'HAMBURGER BUNS' 품목과 구매 연관성 및 상품 특성이 매우 유사합니다.,Hybrid
43,1082185,BANANAS,75.35846584496379,귀하가 과거에 구매하신 'HAMBURGER BUNS' 품목과 구매 연관성 및 상품 특성이 매우 유사합니다.,Hybrid
43,6534178,,21.261786440671095,15-24K 소득 수준 베스트셀러,Demo
43,6533765,,20.182594810915546,15-24K 소득 수준 베스트셀러,Demo
43,5569230,,20.06308439344111,15-24K 소득 수준 베스트셀러,Demo
43,1029743,,20.06211377870294,15-24K 소득 수준 베스트셀러,Demo
43,1106523,,20.04967862198781,15-24K 소득 수준 베스트셀러,Demo
44,1004906,POTATOES RUSSET (BULK&BAG),78.97415310353895,귀하가 과거에 구매하신 'MARGARINE  STICK' 품목과 구매 연관성 및 상품 특성이 매우 유사합니다.,Hybrid
44,1044078,LEAN,78.66588828419853,귀하가 과거에 구매하신 'MARGARINE  STICK' 품목과 구매 연관성 및 상품 특성이 매우 유사합니다.,Hybrid
44,844179,PRIMAL,78.5006221048916,귀하가 과거에 구매하신 'MARGARINE  STICK' 품목과 구매 연관성 및 상품 특성이 매우 유사합니다.,Hybrid
44,859075,SHREDDED CHEESE,78.31701315002977,귀하가 과거에 구매하신 'MARGARINE  STICK' 품목과 구매 연관성 및 상품 특성이 매우 유사합니다.,Hybrid
44,899624,POTATOES RUSSET (BULK&BAG),78.0672854616013,귀하가 과거에 구매하신 'MARGARINE  STICK' 품목과 구매 연관성 및 상품 특성이 매우 유사합니다.,Hybrid
44,6534178,,60.0,전체 베스트셀러,Demo
44,6533889,,23.62732241536166,전체 베스트셀러,Demo
44,1029743,,23.210835685378214,전체 베스트셀러,Demo
44,6534166,,22.616417228880614,전체 베스트셀러,Demo
44,1082185,,22.289502102064553,전체 베스트셀러,Demo
45,1098066,HOT DOG BUNS,73.01546012761015,귀하가 과거에 구매하신 'STUFFING MIXES' 품목과 구매 연관성 및 상품 특성이 매우 유사합니다.,Hybrid
45,1029743,FLUID MILK WHITE ONLY,73.01412272544351,귀하가 과거에 구매하신 'STUFFING MIXES' 품목과 구매 연관성 및 상품 특성이 매우 유사합니다.,Hybrid
45,1133018,FLUID MILK WHITE ONLY,72.89487509115791,귀하가 과거에 구매하신 'STUFFING MIXES' 품목과 구매 연관성 및 상품 특성이 매우 유사합니다.,Hybrid
45,1068719,SUGAR,72.84632995571275,귀하가 과거에 구매하신 'STUFFING MIXES' 품목과 구매 연관성 및 상품 특성이 매우 유사합니다.,Hybrid
45,844179,PRIMAL,72.78920018634633,귀하가 과거에 구매하신 'STUFFING MIXES' 품목과 구매 연관성 및 상품 특성이 매우 유사합니다.,Hybrid
45,6534178,,60.0,전체 베스트셀러,Demo
45,6533889,,23.62732241536166,전체 베스트셀러,Demo
45,1029743,,23.210835685378214,전체 베스트셀러,Demo
45,6534166,,22.616417228880614,전체 베스트셀러,Demo
45,1082185,,22.289502102064553,전체 베스트셀러,Demo
46,961554,CARROTS MINI PEELED,89.13166679580905,귀하가 과거에 구매하신 'PASTA: CANNED' 품목과 구매 연관성 및 상품 특성이 매우 유사합니다.,Hybrid
46,844179,PRIMAL,88.85686909694432,귀하가 과거에 구매하신 'PASTA: CANNED' 품목과 구매 연관성 및 상품 특성이 매우 유사합니다.,Hybrid
46,840361,EGGS - LARGE,88.62800382236253,귀하가 과거에 구매하신 'PASTA: CANNED' 품목과 구매 연관성 및 상품 특성이 매우 유사합니다.,Hybrid
46,859075,SHREDDED CHEESE,87.66142216189641,귀하가 과거에 구매하신 'PASTA: CANNED' 품목과 구매 연관성 및 상품 특성이 매우 유사합니다.,Hybrid
46,5568378,TORTILLA/NACHO CHIPS,87.22284540701295,귀하가 과거에 구매하신 'PASTA: CANNED' 품목과 구매 연관성 및 상품 특성이 매우 유사합니다.,Hybrid
46,6534178,,21.396809205402388,150-174K 소득 수준 베스트셀러,Demo
46,6533889,,20.391011471577144,150-174K 소득 수준 베스트셀러,Demo
46,916122,,20.060915017830574,150-174K 소득 수준 베스트셀러,Demo
46,1127831,,20.044019484951754,150-174K 소득 수준 베스트셀러,Demo
46,1082185,,20.02761204171195,150-174K 소득 수준 베스트셀러,Demo
47,1082185,BANANAS,80.37612936416127,귀하가 과거에 구매하신 'ORANGES NAVELS ALL' 품목과 구매 연관성 및 상품 특성이 매우 유사합니다.,Hybrid
47,1004906,POTATOES RUSSET (BULK&BAG),80.03859036931901,귀하가 과거에 구매하신 'ORANGES NAVELS ALL' 품목과 구매 연관성 및 상품 특성이 매우 유사합니다.,Hybrid
47,1098066,HOT DOG BUNS,79.03661962693427,귀하가 과거에 구매하신 'ORANGES NAVELS ALL' 품목과 구매 연관성 및 상품 특성이 매우 유사합니다.,Hybrid
47,1029743,FLUID MILK WHITE ONLY,78.77447748593247,귀하가 과거에 구매하신 'ORANGES NAVELS ALL' 품목과 구매 연관성 및 상품 특성이 매우 유사합니다.,Hybrid
47,840361,EGGS - LARGE,78.71120892985451,귀하가 과거에 구매하신 'ORANGES NAVELS ALL' 품목과 구매 연관성 및 상품 특성이 매우 유사합니다.,Hybrid
47,6534178,,60.0,전체 베스트셀러,Demo
47,6533889,,23.62732241536166,전체 베스트셀러,Demo
47,1029743,,23.210835685378214,전체 베스트셀러,Demo
47,6534166,,22.616417228880614,전체 베스트셀러,Demo
47,1082185,,22.289502102064553,전체 베스트셀러,Demo
48,840361,EGGS - LARGE,75.04239290792468,귀하가 과거에 구매하신 'CHOICE BEEF' 품목과 구매 연관성 및 상품 특성이 매우 유사합니다.,Hybrid
48,1098066,HOT DOG BUNS,75.0195106306074,귀하가 과거에 구매하신 'CHOICE BEEF' 품목과 구매 연관성 및 상품 특성이 매우 유사합니다.,Hybrid
48,826249,HAMBURGER BUNS,74.98106034181079,귀하가 과거에 구매하신 'CHOICE BEEF' 품목과 구매 연관성 및 상품 특성이 매우 유사합니다.,Hybrid
48,899624,POTATOES RUSSET (BULK&BAG),74.94674582726351,귀하가 과거에 구매하신 'CHOICE BEEF' 품목과 구매 연관성 및 상품 특성이 매우 유사합니다.,Hybrid
48,962568,CELERY,74.90800918577986,귀하가 과거에 구매하신 'CHOICE BEEF' 품목과 구매 연관성 및 상품 특성이 매우 유사합니다.,Hybrid
48,6534178,,24.681367889496826,35-49K 소득 수준 베스트셀러,Demo
48,1029743,,20.341506145259213,35-49K 소득 수준 베스트셀러,Demo
48,6534166,,20.29520678883402,35-49K 소득 수준 베스트셀러,Demo
48,995242,,20.24136430116355,35-49K 소득 수준 베스트셀러,Demo
48,1082185,,20.22573032896407,35-49K 소득 수준 베스트셀러,Demo
49,826249,HAMBURGER BUNS,88.61305181773443,귀하가 과거에 구매하신 'ORANGES NAVELS ALL' 품목과 구매 연관성 및 상품 특성이 매우 유사합니다.,Hybrid
49,899624,POTATOES RUSSET (BULK&BAG),87.96158257953347,귀하가 과거에 구매하신 'ORANGES NAVELS ALL' 품목과 구매 연관성 및 상품 특성이 매우 유사합니다.,Hybrid
49,995242,FLUID MILK WHITE ONLY,87.54459953340378,귀하가 과거에 구매하신 'ORANGES NAVELS ALL' 품목과 구매 연관성 및 상품 특성이 매우 유사합니다.,Hybrid
49,961554,CARROTS MINI PEELED,87.13674206246125,귀하가 과거에 구매하신 'ORANGES NAVELS ALL' 품목과 구매 연관성 및 상품 특성이 매우 유사합니다.,Hybrid
49,866211,GRAPES WHITE,86.47180576442452,귀하가 과거에 구매하신 'ORANGES NAVELS ALL' 품목과 구매 연관성 및 상품 특성이 매우 유사합니다.,Hybrid
49,6534178,,24.681367889496826,35-49K 소득 수준 베스트셀러,Demo
49,1029743,,20.341506145259213,35-49K 소득 수준 베스트셀러,Demo
49,6534166,,20.29520678883402,35-49K 소득 수준 베스트셀러,Demo
49,995242,,20.24136430116355,35-49K 소득 수준 베스트셀러,Demo
49,1082185,,20.22573032896407,35-49K 소득 수준 베스트셀러,Demo
50,1098066,HOT DOG BUNS,73.4866416167534,귀하가 과거에 구매하신 'SOFT DRINK POWDER POUCHES' 품목과 구매 연관성 및 상품 특성이 매우 유사합니다.,Hybrid
50,1068719,SUGAR,73.29468181353425,귀하가 과거에 구매하신 'SOFT DRINK POWDER POUCHES' 품목과 구매 연관성 및 상품 특성이 매우 유사합니다.,Hybrid
50,1096036,IWS SINGLE CHEESE,73.28732861760847,귀하가 과거에 구매하신 'SOFT DRINK POWDER POUCHES' 품목과 구매 연관성 및 상품 특성이 매우 유사합니다.,Hybrid
50,826249,HAMBURGER BUNS,73.28132138407537,귀하가 과거에 구매하신 'SOFT DRINK POWDER POUCHES' 품목과 구매 연관성 및 상품 특성이 매우 유사합니다.,Hybrid
50,999971,MAINSTREAM WHITE BREAD,73.22962219223325,귀하가 과거에 구매하신 'SOFT DRINK POWDER POUCHES' 품목과 구매 연관성 및 상품 특성이 매우 유사합니다.,Hybrid
50,6534178,,60.0,전체 베스트셀러,Demo
50,6533889,,23.62732241536166,전체 베스트셀러,Demo
50,1029743,,23.210835685378214,전체 베스트셀러,Demo
50,6534166,,22.616417228880614,전체 베스트셀러,Demo
50,1082185,,22.289502102064553,전체 베스트셀러,Demo
51,1098066,HOT DOG BUNS,82.75162420548529,귀하가 과거에 구매하신 'ORANGES NAVELS ALL' 품목과 구매 연관성 및 상품 특성이 매우 유사합니다.,Hybrid
51,859075,SHREDDED CHEESE,80.79982709005256,귀하가 과거에 구매하신 'ORANGES NAVELS ALL' 품목과 구매 연관성 및 상품 특성이 매우 유사합니다.,Hybrid
51,962568,CELERY,80.47287836639104,귀하가 과거에 구매하신 'ORANGES NAVELS ALL' 품목과 구매 연관성 및 상품 특성이 매우 유사합니다.,Hybrid
51,1106523,FLUID MILK WHITE ONLY,80.33967488077192,귀하가 과거에 구매하신 'ORANGES NAVELS ALL' 품목과 구매 연관성 및 상품 특성이 매우 유사합니다.,Hybrid
51,845208,ONIONS YELLOW (BULK&BAG),80.30294934609495,귀하가 과거에 구매하신 'ORANGES NAVELS ALL' 품목과 구매 연관성 및 상품 특성이 매우 유사합니다.,Hybrid
51,6534178,,60.0,전체 베스트셀러,Demo
51,6533889,,23.62732241536166,전체 베스트셀러,Demo
51,1029743,,23.210835685378214,전체 베스트셀러,Demo
51,6534166,,22.616417228880614,전체 베스트셀러,Demo
51,1082185,,22.289502102064553,전체 베스트셀러,Demo
52,845208,ONIONS YELLOW (BULK&BAG),86.27674820111469,귀하가 과거에 구매하신 'EGGS - JUMBO' 품목과 구매 연관성 및 상품 특성이 매우 유사합니다.,Hybrid
52,866211,GRAPES WHITE,85.74927805332922,귀하가 과거에 구매하신 'EGGS - JUMBO' 품목과 구매 연관성 및 상품 특성이 매우 유사합니다.,Hybrid
52,826249,HAMBURGER BUNS,85.26292897476884,귀하가 과거에 구매하신 'EGGS - JUMBO' 품목과 구매 연관성 및 상품 특성이 매우 유사합니다.,Hybrid
52,952163,POTATOES RUSSET (BULK&BAG),85.22683169843374,귀하가 과거에 구매하신 'EGGS - JUMBO' 품목과 구매 연관성 및 상품 특성이 매우 유사합니다.,Hybrid
52,844179,PRIMAL,85.21062113926494,귀하가 과거에 구매하신 'EGGS - JUMBO' 품목과 구매 연관성 및 상품 특성이 매우 유사합니다.,Hybrid
52,6534178,,27.25717828622745,50-74K 소득 수준 베스트셀러,Demo
52,6534166,,20.390959005915622,50-74K 소득 수준 베스트셀러,Demo
52,1029743,,20.38093965443333,50-74K 소득 수준 베스트셀러,Demo
52,1082185,,20.283966418319928,50-74K 소득 수준 베스트셀러,Demo
52,916122,,20.27092790649729,50-74K 소득 수준 베스트셀러,Demo
53,962568,CELERY,76.20410223662012,귀하가 과거에 구매하신 'EGGS - JUMBO' 품목과 구매 연관성 및 상품 특성이 매우 유사합니다.,Hybrid
53,1004906,POTATOES RUSSET (BULK&BAG),75.68995010166913,귀하가 과거에 구매하신 'EGGS - JUMBO' 품목과 구매 연관성 및 상품 특성이 매우 유사합니다.,Hybrid
53,981760,EGGS - X-LARGE,75.49199472753071,귀하가 과거에 구매하신 'EGGS - JUMBO' 품목과 구매 연관성 및 상품 특성이 매우 유사합니다.,Hybrid
53,840361,EGGS - LARGE,75.25301303469193,귀하가 과거에 구매하신 'EGGS - JUMBO' 품목과 구매 연관성 및 상품 특성이 매우 유사합니다.,Hybrid
53,995785,PEPPERS GREEN BELL,75.1473692543591,귀하가 과거에 구매하신 'EGGS - JUMBO' 품목과 구매 연관성 및 상품 특성이 매우 유사합니다.,Hybrid
53,6534178,,60.0,전체 베스트셀러,Demo
53,6533889,,23.62732241536166,전체 베스트셀러,Demo
53,1029743,,23.210835685378214,전체 베스트셀러,Demo
53,6534166,,22.616417228880614,전체 베스트셀러,Demo
53,1082185,,22.289502102064553,전체 베스트셀러,Demo
54,1029743,FLUID MILK WHITE ONLY,71.33943890689416,귀하가 과거에 구매하신 'MAINSTREAM WHITE BREAD' 품목과 구매 연관성 및 상품 특성이 매우 유사합니다.,Hybrid
54,1098066,HOT DOG BUNS,71.08248980653633,귀하가 과거에 구매하신 'MAINSTREAM WHITE BREAD' 품목과 구매 연관성 및 상품 특성이 매우 유사합니다.,Hybrid
54,826249,HAMBURGER BUNS,71.01328180045942,귀하가 과거에 구매하신 'MAINSTREAM WHITE BREAD' 품목과 구매 연관성 및 상품 특성이 매우 유사합니다.,Hybrid
54,1106523,FLUID MILK WHITE ONLY,71.00935227217964,귀하가 과거에 구매하신 'MAINSTREAM WHITE BREAD' 품목과 구매 연관성 및 상품 특성이 매우 유사합니다.,Hybrid
54,938700,CORN,71.00623277776775,귀하가 과거에 구매하신 'MAINSTREAM WHITE BREAD' 품목과 구매 연관성 및 상품 특성이 매우 유사합니다.,Hybrid
54,6534178,,60.0,전체 베스트셀러,Demo
54,6533889,,23.62732241536166,전체 베스트셀러,Demo
54,1029743,,23.210835685378214,전체 베스트셀러,Demo
54,6534166,,22.616417228880614,전체 베스트셀러,Demo
54,1082185,,22.289502102064553,전체 베스트셀러,Demo
55,981760,EGGS - X-LARGE,74.97078633540791,귀하가 과거에 구매하신 'MARGARINE  STICK' 품목과 구매 연관성 및 상품 특성이 매우 유사합니다.,Hybrid
55,1044078,LEAN,74.77458995148152,귀하가 과거에 구매하신 'MARGARINE  STICK' 품목과 구매 연관성 및 상품 특성이 매우 유사합니다.,Hybrid
55,826249,HAMBURGER BUNS,74.76210783375969,귀하가 과거에 구매하신 'MARGARINE  STICK' 품목과 구매 연관성 및 상품 특성이 매우 유사합니다.,Hybrid
55,1029743,FLUID MILK WHITE ONLY,74.59594905547957,귀하가 과거에 구매하신 'MARGARINE  STICK' 품목과 구매 연관성 및 상품 특성이 매우 유사합니다.,Hybrid
55,844179,PRIMAL,74.48682727290726,귀하가 과거에 구매하신 'MARGARINE  STICK' 품목과 구매 연관성 및 상품 특성이 매우 유사합니다.,Hybrid
55,6534178,,24.681367889496826,35-49K 소득 수준 베스트셀러,Demo
55,1029743,,20.341506145259213,35-49K 소득 수준 베스트셀러,Demo
55,6534166,,20.29520678883402,35-49K 소득 수준 베스트셀러,Demo
55,995242,,20.24136430116355,35-49K 소득 수준 베스트셀러,Demo
55,1082185,,20.22573032896407,35-49K 소득 수준 베스트셀러,Demo
56,962568,CELERY,87.58866596638599,귀하가 과거에 구매하신 'ORANGES NAVELS ALL' 품목과 구매 연관성 및 상품 특성이 매우 유사합니다.,Hybrid
56,840361,EGGS - LARGE,86.30813265778787,귀하가 과거에 구매하신 'ORANGES NAVELS ALL' 품목과 구매 연관성 및 상품 특성이 매우 유사합니다.,Hybrid
56,845208,ONIONS YELLOW (BULK&BAG),86.12894568296366,귀하가 과거에 구매하신 'ORANGES NAVELS ALL' 품목과 구매 연관성 및 상품 특성이 매우 유사합니다.,Hybrid
56,1029743,FLUID MILK WHITE ONLY,86.09263669961125,귀하가 과거에 구매하신 'ORANGES NAVELS ALL' 품목과 구매 연관성 및 상품 특성이 매우 유사합니다.,Hybrid
56,866211,GRAPES WHITE,85.94370932799883,귀하가 과거에 구매하신 'ORANGES NAVELS ALL' 품목과 구매 연관성 및 상품 특성이 매우 유사합니다.,Hybrid
56,6534178,,21.476143645098734,100-124K 소득 수준 베스트셀러,Demo
56,6533889,,20.394702351371837,100-124K 소득 수준 베스트셀러,Demo
56,1029743,,20.026705816649287,100-124K 소득 수준 베스트셀러,Demo
56,1082185,,20.02345851017474,100-124K 소득 수준 베스트셀러,Demo
56,1106523,,20.0,100-124K 소득 수준 베스트셀러,Demo
57,1098066,HOT DOG BUNS,78.95018227006638,귀하가 과거에 구매하신 'GRATED CHEESE' 품목과 구매 연관성 및 상품 특성이 매우 유사합니다.,Hybrid
57,899624,POTATOES RUSSET (BULK&BAG),78.74215870465488,귀하가 과거에 구매하신 'GRATED CHEESE' 품목과 구매 연관성 및 상품 특성이 매우 유사합니다.,Hybrid
57,962568,CELERY,78.67792755515059,귀하가 과거에 구매하신 'GRATED CHEESE' 품목과 구매 연관성 및 상품 특성이 매우 유사합니다.,Hybrid
57,1029743,FLUID MILK WHITE ONLY,78.56158111348567,귀하가 과거에 구매하신 'GRATED CHEESE' 품목과 구매 연관성 및 상품 특성이 매우 유사합니다.,Hybrid
57,844179,PRIMAL,78.37387396181751,귀하가 과거에 구매하신 'GRATED CHEESE' 품목과 구매 연관성 및 상품 특성이 매우 유사합니다.,Hybrid
57,6534178,,24.681367889496826,35-49K 소득 수준 베스트셀러,Demo
57,1029743,,20.341506145259213,35-49K 소득 수준 베스트셀러,Demo
57,6534166,,20.29520678883402,35-49K 소득 수준 베스트셀러,Demo
57,995242,,20.24136430116355,35-49K 소득 수준 베스트셀러,Demo
57,1082185,,20.22573032896407,35-49K 소득 수준 베스트셀러,Demo
58,1004906,POTATOES RUSSET (BULK&BAG),89.32277689556898,귀하가 과거에 구매하신 'MAINSTREAM' 품목과 구매 연관성 및 상품 특성이 매우 유사합니다.,Hybrid
58,878996,GRAPES RED,88.08866845962436,귀하가 과거에 구매하신 'MAINSTREAM' 품목과 구매 연관성 및 상품 특성이 매우 유사합니다.,Hybrid
58,845208,ONIONS YELLOW (BULK&BAG),87.9545502453153,귀하가 과거에 구매하신 'MAINSTREAM' 품목과 구매 연관성 및 상품 특성이 매우 유사합니다.,Hybrid
58,866211,GRAPES WHITE,87.78816101417621,귀하가 과거에 구매하신 'MAINSTREAM' 품목과 구매 연관성 및 상품 특성이 매우 유사합니다.,Hybrid
58,899624,POTATOES RUSSET (BULK&BAG),86.38492922580348,귀하가 과거에 구매하신 'MAINSTREAM' 품목과 구매 연관성 및 상품 특성이 매우 유사합니다.,Hybrid
58,6534178,,21.396809205402388,150-174K 소득 수준 베스트셀러,Demo
58,6533889,,20.391011471577144,150-174K 소득 수준 베스트셀러,Demo
58,916122,,20.060915017830574,150-174K 소득 수준 베스트셀러,Demo
58,1127831,,20.044019484951754,150-174K 소득 수준 베스트셀러,Demo
58,1082185,,20.02761204171195,150-174K 소득 수준 베스트셀러,Demo
59,844179,PRIMAL,81.26594021360843,귀하가 과거에 구매하신 'ROLLS - PORK' 품목과 구매 연관성 및 상품 특성이 매우 유사합니다.,Hybrid
59,859075,SHREDDED CHEESE,80.39610469529788,귀하가 과거에 구매하신 'ROLLS - PORK' 품목과 구매 연관성 및 상품 특성이 매우 유사합니다.,Hybrid
59,1029743,FLUID MILK WHITE ONLY,80.03364220041169,귀하가 과거에 구매하신 'ROLLS - PORK' 품목과 구매 연관성 및 상품 특성이 매우 유사합니다.,Hybrid
59,1068719,SUGAR,80.03058363522558,귀하가 과거에 구매하신 'ROLLS - PORK' 품목과 구매 연관성 및 상품 특성이 매우 유사합니다.,Hybrid
59,1071939,CREAM CHEESE,79.97293456447358,귀하가 과거에 구매하신 'ROLLS - PORK' 품목과 구매 연관성 및 상품 특성이 매우 유사합니다.,Hybrid
59,6534178,,60.0,전체 베스트셀러,Demo
59,6533889,,23.62732241536166,전체 베스트셀러,Demo
59,1029743,,23.210835685378214,전체 베스트셀러,Demo
59,6534166,,22.616417228880614,전체 베스트셀러,Demo
59,1082185,,22.289502102064553,전체 베스트셀러,Demo
60,1082185,BANANAS,71.87527509951259,귀하가 과거에 구매하신 'NON-CRBNTD DRNKING/MNERAL WATE' 품목과 구매 연관성 및 상품 특성이 매우 유사합니다.,Hybrid
60,859075,SHREDDED CHEESE,71.74776384237308,귀하가 과거에 구매하신 'NON-CRBNTD DRNKING/MNERAL WATE' 품목과 구매 연관성 및 상품 특성이 매우 유사합니다.,Hybrid
60,1004906,POTATOES RUSSET (BULK&BAG),71.69572299503818,귀하가 과거에 구매하신 'NON-CRBNTD DRNKING/MNERAL WATE' 품목과 구매 연관성 및 상품 특성이 매우 유사합니다.,Hybrid
60,995242,FLUID MILK WHITE ONLY,71.63884961133614,귀하가 과거에 구매하신 'NON-CRBNTD DRNKING/MNERAL WATE' 품목과 구매 연관성 및 상품 특성이 매우 유사합니다.,Hybrid
60,962568,CELERY,71.6079513646538,귀하가 과거에 구매하신 'NON-CRBNTD DRNKING/MNERAL WATE' 품목과 구매 연관성 및 상품 특성이 매우 유사합니다.,Hybrid
60,6534178,,60.0,전체 베스트셀러,Demo
60,6533889,,23.62732241536166,전체 베스트셀러,Demo
60,1029743,,23.210835685378214,전체 베스트셀러,Demo
60,6534166,,22.616417228880614,전체 베스트셀러,Demo
60,1082185,,22.289502102064553,전체 베스트셀러,Demo
61,1077555,COTTAGE CHEESE,70.95632251511945,귀하가 과거에 구매하신 'BREAST - BONELESS(IQF)' 품목과 구매 연관성 및 상품 특성이 매우 유사합니다.,Hybrid
61,1027569,CARDS EVERYDAY,70.83620971670615,귀하가 과거에 구매하신 'BREAST - BONELESS(IQF)' 품목과 구매 연관성 및 상품 특성이 매우 유사합니다.,Hybrid
61,852856,CARDS EVERYDAY,70.81185281654139,귀하가 과거에 구매하신 'BREAST - BONELESS(IQF)' 품목과 구매 연관성 및 상품 특성이 매우 유사합니다.,Hybrid
61,8090537,SOFT DRINKS 12/18&15PK CAN CAR,70.72199700508821,귀하가 과거에 구매하신 'BREAST - BONELESS(IQF)' 품목과 구매 연관성 및 상품 특성이 매우 유사합니다.,Hybrid
61,1136257,SHREDDED CHEESE,70.71937186511873,귀하가 과거에 구매하신 'BREAST - BONELESS(IQF)' 품목과 구매 연관성 및 상품 특성이 매우 유사합니다.,Hybrid
61,6534178,,60.0,전체 베스트셀러,Demo
61,6533889,,23.62732241536166,전체 베스트셀러,Demo
61,1029743,,23.210835685378214,전체 베스트셀러,Demo
61,6534166,,22.616417228880614,전체 베스트셀러,Demo
61,1082185,,22.289502102064553,전체 베스트셀러,Demo
63,913210,NON-CRBNTD DRNKING/MNERAL WATE,70.28447833299354,귀하가 과거에 구매하신 'NON-CRBNTD DRNKING/MNERAL WATE' 품목과 구매 연관성 및 상품 특성이 매우 유사합니다.,Hybrid
63,1134522,SNACK CAKE - MULTI PACK,70.212713417827,귀하가 과거에 구매하신 'NON-CRBNTD DRNKING/MNERAL WATE' 품목과 구매 연관성 및 상품 특성이 매우 유사합니다.,Hybrid
63,928049,SNACK CAKE - MULTI PACK,70.16068018652234,귀하가 과거에 구매하신 'NON-CRBNTD DRNKING/MNERAL WATE' 품목과 구매 연관성 및 상품 특성이 매우 유사합니다.,Hybrid
63,5592931,SUGAR,70.14306875685195,귀하가 과거에 구매하신 'NON-CRBNTD DRNKING/MNERAL WATE' 품목과 구매 연관성 및 상품 특성이 매우 유사합니다.,Hybrid
63,941741,SNACK CAKE - MULTI PACK,70.10642918359704,귀하가 과거에 구매하신 'NON-CRBNTD DRNKING/MNERAL WATE' 품목과 구매 연관성 및 상품 특성이 매우 유사합니다.,Hybrid
63,6534178,,60.0,전체 베스트셀러,Demo
63,6533889,,23.62732241536166,전체 베스트셀러,Demo
63,1029743,,23.210835685378214,전체 베스트셀러,Demo
63,6534166,,22.616417228880614,전체 베스트셀러,Demo
63,1082185,,22.289502102064553,전체 베스트셀러,Demo
64,899624,POTATOES RUSSET (BULK&BAG),87.97841488107429,귀하가 과거에 구매하신 'MARGARINE  STICK' 품목과 구매 연관성 및 상품 특성이 매우 유사합니다.,Hybrid
64,844179,PRIMAL,87.6076594339449,귀하가 과거에 구매하신 'MARGARINE  STICK' 품목과 구매 연관성 및 상품 특성이 매우 유사합니다.,Hybrid
64,938700,CORN,86.93411022287799,귀하가 과거에 구매하신 'MARGARINE  STICK' 품목과 구매 연관성 및 상품 특성이 매우 유사합니다.,Hybrid
64,883404,MAINSTREAM WHITE BREAD,86.92488706755239,귀하가 과거에 구매하신 'MARGARINE  STICK' 품목과 구매 연관성 및 상품 특성이 매우 유사합니다.,Hybrid
64,1029743,FLUID MILK WHITE ONLY,86.80911287051737,귀하가 과거에 구매하신 'MARGARINE  STICK' 품목과 구매 연관성 및 상품 특성이 매우 유사합니다.,Hybrid
64,6534178,,60.0,전체 베스트셀러,Demo
64,6533889,,23.62732241536166,전체 베스트셀러,Demo
64,1029743,,23.210835685378214,전체 베스트셀러,Demo
64,6534166,,22.616417228880614,전체 베스트셀러,Demo
64,1082185,,22.289502102064553,전체 베스트셀러,Demo
65,883404,MAINSTREAM WHITE BREAD,77.18119410732092,귀하가 과거에 구매하신 'HAMBURGER BUNS' 품목과 구매 연관성 및 상품 특성이 매우 유사합니다.,Hybrid
65,1096036,IWS SINGLE CHEESE,77.16415381759276,귀하가 과거에 구매하신 'HAMBURGER BUNS' 품목과 구매 연관성 및 상품 특성이 매우 유사합니다.,Hybrid
65,1071939,CREAM CHEESE,77.11749357940278,귀하가 과거에 구매하신 'HAMBURGER BUNS' 품목과 구매 연관성 및 상품 특성이 매우 유사합니다.,Hybrid
65,844179,PRIMAL,77.064708264124,귀하가 과거에 구매하신 'HAMBURGER BUNS' 품목과 구매 연관성 및 상품 특성이 매우 유사합니다.,Hybrid
65,899624,POTATOES RUSSET (BULK&BAG),77.00333793401795,귀하가 과거에 구매하신 'HAMBURGER BUNS' 품목과 구매 연관성 및 상품 특성이 매우 유사합니다.,Hybrid
65,6534178,,60.0,전체 베스트셀러,Demo
65,6533889,,23.62732241536166,전체 베스트셀러,Demo
65,1029743,,23.210835685378214,전체 베스트셀러,Demo
65,6534166,,22.616417228880614,전체 베스트셀러,Demo
65,1082185,,22.289502102064553,전체 베스트셀러,Demo
66,883404,MAINSTREAM WHITE BREAD,76.49600808947181,귀하가 과거에 구매하신 'HAMBURGER BUNS' 품목과 구매 연관성 및 상품 특성이 매우 유사합니다.,Hybrid
66,1096036,IWS SINGLE CHEESE,76.29599677285573,귀하가 과거에 구매하신 'HAMBURGER BUNS' 품목과 구매 연관성 및 상품 특성이 매우 유사합니다.,Hybrid
66,1068719,SUGAR,76.28448715184211,귀하가 과거에 구매하신 'HAMBURGER BUNS' 품목과 구매 연관성 및 상품 특성이 매우 유사합니다.,Hybrid
66,1044078,LEAN,76.13086975987979,귀하가 과거에 구매하신 'HAMBURGER BUNS' 품목과 구매 연관성 및 상품 특성이 매우 유사합니다.,Hybrid
66,952163,POTATOES RUSSET (BULK&BAG),75.8712531118644,귀하가 과거에 구매하신 'HAMBURGER BUNS' 품목과 구매 연관성 및 상품 특성이 매우 유사합니다.,Hybrid
66,6534178,,60.0,전체 베스트셀러,Demo
66,6533889,,23.62732241536166,전체 베스트셀러,Demo
66,1029743,,23.210835685378214,전체 베스트셀러,Demo
66,6534166,,22.616417228880614,전체 베스트셀러,Demo
66,1082185,,22.289502102064553,전체 베스트셀러,Demo
67,845208,ONIONS YELLOW (BULK&BAG),94.9386687762186,귀하가 과거에 구매하신 'ORANGES NAVELS ALL' 품목과 구매 연관성 및 상품 특성이 매우 유사합니다.,Hybrid
67,952163,POTATOES RUSSET (BULK&BAG),93.68777570099508,귀하가 과거에 구매하신 'ORANGES NAVELS ALL' 품목과 구매 연관성 및 상품 특성이 매우 유사합니다.,Hybrid
67,938700,CORN,92.99318616324797,귀하가 과거에 구매하신 'ORANGES NAVELS ALL' 품목과 구매 연관성 및 상품 특성이 매우 유사합니다.,Hybrid
67,12810393,ENHANCED,90.96029872196398,귀하가 과거에 구매하신 'ORANGES NAVELS ALL' 품목과 구매 연관성 및 상품 특성이 매우 유사합니다.,Hybrid
67,897125,GRATED CHEESE,90.83762623049023,귀하가 과거에 구매하신 'ORANGES NAVELS ALL' 품목과 구매 연관성 및 상품 특성이 매우 유사합니다.,Hybrid
67,6534178,,21.62184396688415,Under 15K 소득 수준 베스트셀러,Demo
67,6533889,,20.187656157383948,Under 15K 소득 수준 베스트셀러,Demo
67,6533765,,20.18122116450477,Under 15K 소득 수준 베스트셀러,Demo
67,1044078,,20.08030425950025,Under 15K 소득 수준 베스트셀러,Demo
67,1106523,,20.067942236737544,Under 15K 소득 수준 베스트셀러,Demo
68,1096036,IWS SINGLE CHEESE,95.30498019169676,귀하가 과거에 구매하신 'CHEESE: PROCESSED BULK' 품목과 구매 연관성 및 상품 특성이 매우 유사합니다.,Hybrid
68,1136257,SHREDDED CHEESE,94.11063916008263,귀하가 과거에 구매하신 'CHEESE: PROCESSED BULK' 품목과 구매 연관성 및 상품 특성이 매우 유사합니다.,Hybrid
68,1127831,STRAWBERRIES,91.41576106550053,귀하가 과거에 구매하신 'CHEESE: PROCESSED BULK' 품목과 구매 연관성 및 상품 특성이 매우 유사합니다.,Hybrid
68,980727,CATSUP,90.23978472427942,귀하가 과거에 구매하신 'CHEESE: PROCESSED BULK' 품목과 구매 연관성 및 상품 특성이 매우 유사합니다.,Hybrid
68,965766,IWS SINGLE CHEESE,89.92300066297383,귀하가 과거에 구매하신 'CHEESE: PROCESSED BULK' 품목과 구매 연관성 및 상품 특성이 매우 유사합니다.,Hybrid
68,6534178,,60.0,전체 베스트셀러,Demo
68,6533889,,23.62732241536166,전체 베스트셀러,Demo
68,1029743,,23.210835685378214,전체 베스트셀러,Demo
68,6534166,,22.616417228880614,전체 베스트셀러,Demo
68,1082185,,22.289502102064553,전체 베스트셀러,Demo
69,1136257,SHREDDED CHEESE,92.67102333313304,귀하가 과거에 구매하신 'ORANGES NAVELS ALL' 품목과 구매 연관성 및 상품 특성이 매우 유사합니다.,Hybrid
69,961554,CARROTS MINI PEELED,91.68579650507442,귀하가 과거에 구매하신 'ORANGES NAVELS ALL' 품목과 구매 연관성 및 상품 특성이 매우 유사합니다.,Hybrid
69,910032,PREMIUM - MEAT,91.54554362177845,귀하가 과거에 구매하신 'ORANGES NAVELS ALL' 품목과 구매 연관성 및 상품 특성이 매우 유사합니다.,Hybrid
69,898068,CATSUP,90.69968174227732,귀하가 과거에 구매하신 'ORANGES NAVELS ALL' 품목과 구매 연관성 및 상품 특성이 매우 유사합니다.,Hybrid
69,918335,SHREDDED CHEESE,90.26412068394964,귀하가 과거에 구매하신 'ORANGES NAVELS ALL' 품목과 구매 연관성 및 상품 특성이 매우 유사합니다.,Hybrid
69,6534178,,60.0,전체 베스트셀러,Demo
69,6533889,,23.62732241536166,전체 베스트셀러,Demo
69,1029743,,23.210835685378214,전체 베스트셀러,Demo
69,6534166,,22.616417228880614,전체 베스트셀러,Demo
69,1082185,,22.289502102064553,전체 베스트셀러,Demo
70,925514,CANDY BARS (SINGLES)(INCLUDING,71.19898254383831,귀하가 과거에 구매하신 'NEWSPAPER' 품목과 구매 연관성 및 상품 특성이 매우 유사합니다.,Hybrid
70,839147,CANDY BARS (SINGLES)(INCLUDING,71.10230571807023,귀하가 과거에 구매하신 'NEWSPAPER' 품목과 구매 연관성 및 상품 특성이 매우 유사합니다.,Hybrid
70,1080414,CANDY BARS (SINGLES)(INCLUDING,71.09363609892168,귀하가 과거에 구매하신 'NEWSPAPER' 품목과 구매 연관성 및 상품 특성이 매우 유사합니다.,Hybrid
70,986394,CANDY BARS (SINGLES)(INCLUDING,70.98810927796481,귀하가 과거에 구매하신 'NEWSPAPER' 품목과 구매 연관성 및 상품 특성이 매우 유사합니다.,Hybrid
70,1022872,CANDY BARS (SINGLES)(INCLUDING,70.97553511602834,귀하가 과거에 구매하신 'NEWSPAPER' 품목과 구매 연관성 및 상품 특성이 매우 유사합니다.,Hybrid
70,6534178,,60.0,전체 베스트셀러,Demo
70,6533889,,23.62732241536166,전체 베스트셀러,Demo
70,1029743,,23.210835685378214,전체 베스트셀러,Demo
70,6534166,,22.616417228880614,전체 베스트셀러,Demo
70,1082185,,22.289502102064553,전체 베스트셀러,Demo
71,883404,MAINSTREAM WHITE BREAD,82.28143026111427,귀하가 과거에 구매하신 'PASTA: CANNED' 품목과 구매 연관성 및 상품 특성이 매우 유사합니다.,Hybrid
71,1096036,IWS SINGLE CHEESE,82.022666367436,귀하가 과거에 구매하신 'PASTA: CANNED' 품목과 구매 연관성 및 상품 특성이 매우 유사합니다.,Hybrid
71,962568,CELERY,82.0052148000885,귀하가 과거에 구매하신 'PASTA: CANNED' 품목과 구매 연관성 및 상품 특성이 매우 유사합니다.,Hybrid
71,923746,EGGS - LARGE,81.85551534875049,귀하가 과거에 구매하신 'PASTA: CANNED' 품목과 구매 연관성 및 상품 특성이 매우 유사합니다.,Hybrid
71,961554,CARROTS MINI PEELED,81.5383863030252,귀하가 과거에 구매하신 'PASTA: CANNED' 품목과 구매 연관성 및 상품 특성이 매우 유사합니다.,Hybrid
71,6534178,,21.579518486852166,25-34K 소득 수준 베스트셀러,Demo
71,6534166,,20.24115205371466,25-34K 소득 수준 베스트셀러,Demo
71,6533765,,20.198001431915092,25-34K 소득 수준 베스트셀러,Demo
71,1029743,,20.11729175593944,25-34K 소득 수준 베스트셀러,Demo
71,916122,,20.064136091474357,25-34K 소득 수준 베스트셀러,Demo
72,981760,EGGS - X-LARGE,90.98382053518178,귀하가 과거에 구매하신 'CHEESE: PROCESSED BULK' 품목과 구매 연관성 및 상품 특성이 매우 유사합니다.,Hybrid
72,899624,POTATOES RUSSET (BULK&BAG),89.83472737039388,귀하가 과거에 구매하신 'CHEESE: PROCESSED BULK' 품목과 구매 연관성 및 상품 특성이 매우 유사합니다.,Hybrid
72,845208,ONIONS YELLOW (BULK&BAG),89.31573265704213,귀하가 과거에 구매하신 'CHEESE: PROCESSED BULK' 품목과 구매 연관성 및 상품 특성이 매우 유사합니다.,Hybrid
72,859075,SHREDDED CHEESE,88.94304666413746,귀하가 과거에 구매하신 'CHEESE: PROCESSED BULK' 품목과 구매 연관성 및 상품 특성이 매우 유사합니다.,Hybrid
72,1029743,FLUID MILK WHITE ONLY,88.69398900223149,귀하가 과거에 구매하신 'CHEESE: PROCESSED BULK' 품목과 구매 연관성 및 상품 특성이 매우 유사합니다.,Hybrid
72,6534178,,60.0,전체 베스트셀러,Demo
72,6533889,,23.62732241536166,전체 베스트셀러,Demo
72,1029743,,23.210835685378214,전체 베스트셀러,Demo
72,6534166,,22.616417228880614,전체 베스트셀러,Demo
72,1082185,,22.289502102064553,전체 베스트셀러,Demo
73,1004906,POTATOES RUSSET (BULK&BAG),74.77066757287194,귀하가 과거에 구매하신 'HAMBURGER BUNS' 품목과 구매 연관성 및 상품 특성이 매우 유사합니다.,Hybrid
73,1029743,FLUID MILK WHITE ONLY,74.60743514604759,귀하가 과거에 구매하신 'HAMBURGER BUNS' 품목과 구매 연관성 및 상품 특성이 매우 유사합니다.,Hybrid
73,981760,EGGS - X-LARGE,74.58563848313203,귀하가 과거에 구매하신 'HAMBURGER BUNS' 품목과 구매 연관성 및 상품 특성이 매우 유사합니다.,Hybrid
73,1106523,FLUID MILK WHITE ONLY,74.48184380372058,귀하가 과거에 구매하신 'HAMBURGER BUNS' 품목과 구매 연관성 및 상품 특성이 매우 유사합니다.,Hybrid
73,995242,FLUID MILK WHITE ONLY,74.37411513045058,귀하가 과거에 구매하신 'HAMBURGER BUNS' 품목과 구매 연관성 및 상품 특성이 매우 유사합니다.,Hybrid
73,6534178,,60.0,전체 베스트셀러,Demo
73,6533889,,23.62732241536166,전체 베스트셀러,Demo
73,1029743,,23.210835685378214,전체 베스트셀러,Demo
73,6534166,,22.616417228880614,전체 베스트셀러,Demo
73,1082185,,22.289502102064553,전체 베스트셀러,Demo
74,844179,PRIMAL,82.92547965197937,귀하가 과거에 구매하신 'ORANGES NAVELS ALL' 품목과 구매 연관성 및 상품 특성이 매우 유사합니다.,Hybrid
74,840361,EGGS - LARGE,82.77278712500024,귀하가 과거에 구매하신 'ORANGES NAVELS ALL' 품목과 구매 연관성 및 상품 특성이 매우 유사합니다.,Hybrid
74,1098066,HOT DOG BUNS,82.72212537166497,귀하가 과거에 구매하신 'ORANGES NAVELS ALL' 품목과 구매 연관성 및 상품 특성이 매우 유사합니다.,Hybrid
74,826249,HAMBURGER BUNS,82.07120777394215,귀하가 과거에 구매하신 'ORANGES NAVELS ALL' 품목과 구매 연관성 및 상품 특성이 매우 유사합니다.,Hybrid
74,952163,POTATOES RUSSET (BULK&BAG),81.61793920377671,귀하가 과거에 구매하신 'ORANGES NAVELS ALL' 품목과 구매 연관성 및 상품 특성이 매우 유사합니다.,Hybrid
74,6534178,,21.261786440671095,15-24K 소득 수준 베스트셀러,Demo
74,6533765,,20.182594810915546,15-24K 소득 수준 베스트셀러,Demo
74,5569230,,20.06308439344111,15-24K 소득 수준 베스트셀러,Demo
74,1029743,,20.06211377870294,15-24K 소득 수준 베스트셀러,Demo
74,1106523,,20.04967862198781,15-24K 소득 수준 베스트셀러,Demo
75,1029743,FLUID MILK WHITE ONLY,71.66579852502204,귀하가 과거에 구매하신 'NON-CRBNTD DRNKING/MNERAL WATE' 품목과 구매 연관성 및 상품 특성이 매우 유사합니다.,Hybrid
75,1106523,FLUID MILK WHITE ONLY,71.44620756300232,귀하가 과거에 구매하신 'NON-CRBNTD DRNKING/MNERAL WATE' 품목과 구매 연관성 및 상품 특성이 매우 유사합니다.,Hybrid
75,893018,IWS SINGLE CHEESE,71.20840722769788,귀하가 과거에 구매하신 'NON-CRBNTD DRNKING/MNERAL WATE' 품목과 구매 연관성 및 상품 특성이 매우 유사합니다.,Hybrid
75,1044078,LEAN,71.17963450402507,귀하가 과거에 구매하신 'NON-CRBNTD DRNKING/MNERAL WATE' 품목과 구매 연관성 및 상품 특성이 매우 유사합니다.,Hybrid
75,1098066,HOT DOG BUNS,71.1614381558632,귀하가 과거에 구매하신 'NON-CRBNTD DRNKING/MNERAL WATE' 품목과 구매 연관성 및 상품 특성이 매우 유사합니다.,Hybrid
75,6534178,,60.0,전체 베스트셀러,Demo
75,6533889,,23.62732241536166,전체 베스트셀러,Demo
75,1029743,,23.210835685378214,전체 베스트셀러,Demo
75,6534166,,22.616417228880614,전체 베스트셀러,Demo
75,1082185,,22.289502102064553,전체 베스트셀러,Demo
76,1004906,POTATOES RUSSET (BULK&BAG),74.69377288652589,귀하가 과거에 구매하신 'CHOICE BEEF' 품목과 구매 연관성 및 상품 특성이 매우 유사합니다.,Hybrid
76,979707,ONIONS SWEET (BULK&BAG),74.5461870420567,귀하가 과거에 구매하신 'CHOICE BEEF' 품목과 구매 연관성 및 상품 특성이 매우 유사합니다.,Hybrid
76,961554,CARROTS MINI PEELED,74.4540309718806,귀하가 과거에 구매하신 'CHOICE BEEF' 품목과 구매 연관성 및 상품 특성이 매우 유사합니다.,Hybrid
76,962568,CELERY,74.45092223737336,귀하가 과거에 구매하신 'CHOICE BEEF' 품목과 구매 연관성 및 상품 특성이 매우 유사합니다.,Hybrid
76,834484,ONIONS OTHER,74.28371708287793,귀하가 과거에 구매하신 'CHOICE BEEF' 품목과 구매 연관성 및 상품 특성이 매우 유사합니다.,Hybrid
76,6534178,,60.0,전체 베스트셀러,Demo
76,6533889,,23.62732241536166,전체 베스트셀러,Demo
76,1029743,,23.210835685378214,전체 베스트셀러,Demo
76,6534166,,22.616417228880614,전체 베스트셀러,Demo
76,1082185,,22.289502102064553,전체 베스트셀러,Demo
77,995242,FLUID MILK WHITE ONLY,88.33525780502501,귀하가 과거에 구매하신 'MAINSTREAM' 품목과 구매 연관성 및 상품 특성이 매우 유사합니다.,Hybrid
77,844179,PRIMAL,88.24679314691289,귀하가 과거에 구매하신 'MAINSTREAM' 품목과 구매 연관성 및 상품 특성이 매우 유사합니다.,Hybrid
77,1068719,SUGAR,88.16231320540237,귀하가 과거에 구매하신 'MAINSTREAM' 품목과 구매 연관성 및 상품 특성이 매우 유사합니다.,Hybrid
77,962568,CELERY,88.07304859213943,귀하가 과거에 구매하신 'MAINSTREAM' 품목과 구매 연관성 및 상품 특성이 매우 유사합니다.,Hybrid
77,1044078,LEAN,87.94571509310856,귀하가 과거에 구매하신 'MAINSTREAM' 품목과 구매 연관성 및 상품 특성이 매우 유사합니다.,Hybrid
77,6534178,,21.476143645098734,100-124K 소득 수준 베스트셀러,Demo
77,6533889,,20.394702351371837,100-124K 소득 수준 베스트셀러,Demo
77,1029743,,20.026705816649287,100-124K 소득 수준 베스트셀러,Demo
77,1082185,,20.02345851017474,100-124K 소득 수준 베스트셀러,Demo
77,1106523,,20.0,100-124K 소득 수준 베스트셀러,Demo
78,1044078,LEAN,75.66962543844959,귀하가 과거에 구매하신 'SFT DRNK SNGL SRV BTL CARB (EX' 품목과 구매 연관성 및 상품 특성이 매우 유사합니다.,Hybrid
78,826249,HAMBURGER BUNS,75.63023453490388,귀하가 과거에 구매하신 'SFT DRNK SNGL SRV BTL CARB (EX' 품목과 구매 연관성 및 상품 특성이 매우 유사합니다.,Hybrid
78,1004906,POTATOES RUSSET (BULK&BAG),75.42184595624788,귀하가 과거에 구매하신 'SFT DRNK SNGL SRV BTL CARB (EX' 품목과 구매 연관성 및 상품 특성이 매우 유사합니다.,Hybrid
78,1068719,SUGAR,75.3649268959287,귀하가 과거에 구매하신 'SFT DRNK SNGL SRV BTL CARB (EX' 품목과 구매 연관성 및 상품 특성이 매우 유사합니다.,Hybrid
78,1096036,IWS SINGLE CHEESE,75.14840771278718,귀하가 과거에 구매하신 'SFT DRNK SNGL SRV BTL CARB (EX' 품목과 구매 연관성 및 상품 특성이 매우 유사합니다.,Hybrid
78,6534178,,21.579518486852166,25-34K 소득 수준 베스트셀러,Demo
78,6534166,,20.24115205371466,25-34K 소득 수준 베스트셀러,Demo
78,6533765,,20.198001431915092,25-34K 소득 수준 베스트셀러,Demo
78,1029743,,20.11729175593944,25-34K 소득 수준 베스트셀러,Demo
78,916122,,20.064136091474357,25-34K 소득 수준 베스트셀러,Demo
79,1098066,HOT DOG BUNS,81.78735940958249,귀하가 과거에 구매하신 'PASTA: CANNED' 품목과 구매 연관성 및 상품 특성이 매우 유사합니다.,Hybrid
79,961554,CARROTS MINI PEELED,81.46230570816036,귀하가 과거에 구매하신 'PASTA: CANNED' 품목과 구매 연관성 및 상품 특성이 매우 유사합니다.,Hybrid
79,844179,PRIMAL,81.28222062272563,귀하가 과거에 구매하신 'PASTA: CANNED' 품목과 구매 연관성 및 상품 특성이 매우 유사합니다.,Hybrid
79,1127831,STRAWBERRIES,80.53623615900938,귀하가 과거에 구매하신 'PASTA: CANNED' 품목과 구매 연관성 및 상품 특성이 매우 유사합니다.,Hybrid
79,883404,MAINSTREAM WHITE BREAD,80.50592787990414,귀하가 과거에 구매하신 'PASTA: CANNED' 품목과 구매 연관성 및 상품 특성이 매우 유사합니다.,Hybrid
79,6534178,,60.0,전체 베스트셀러,Demo
79,6533889,,23.62732241536166,전체 베스트셀러,Demo
79,1029743,,23.210835685378214,전체 베스트셀러,Demo
79,6534166,,22.616417228880614,전체 베스트셀러,Demo
79,1082185,,22.289502102064553,전체 베스트셀러,Demo
80,1004906,POTATOES RUSSET (BULK&BAG),92.60367150139186,귀하가 과거에 구매하신 'ORANGES NAVELS ALL' 품목과 구매 연관성 및 상품 특성이 매우 유사합니다.,Hybrid
80,1068719,SUGAR,89.08337296942281,귀하가 과거에 구매하신 'ORANGES NAVELS ALL' 품목과 구매 연관성 및 상품 특성이 매우 유사합니다.,Hybrid
80,962568,CELERY,88.80759673010293,귀하가 과거에 구매하신 'ORANGES NAVELS ALL' 품목과 구매 연관성 및 상품 특성이 매우 유사합니다.,Hybrid
80,845208,ONIONS YELLOW (BULK&BAG),88.7373560555407,귀하가 과거에 구매하신 'ORANGES NAVELS ALL' 품목과 구매 연관성 및 상품 특성이 매우 유사합니다.,Hybrid
80,1136257,SHREDDED CHEESE,87.96549455223982,귀하가 과거에 구매하신 'ORANGES NAVELS ALL' 품목과 구매 연관성 및 상품 특성이 매우 유사합니다.,Hybrid
80,6534178,,27.25717828622745,50-74K 소득 수준 베스트셀러,Demo
80,6534166,,20.390959005915622,50-74K 소득 수준 베스트셀러,Demo
80,1029743,,20.38093965443333,50-74K 소득 수준 베스트셀러,Demo
80,1082185,,20.283966418319928,50-74K 소득 수준 베스트셀러,Demo
80,916122,,20.27092790649729,50-74K 소득 수준 베스트셀러,Demo
81,826249,HAMBURGER BUNS,91.46600653653475,귀하가 과거에 구매하신 'MAINSTREAM' 품목과 구매 연관성 및 상품 특성이 매우 유사합니다.,Hybrid
81,899624,POTATOES RUSSET (BULK&BAG),89.90527684630129,귀하가 과거에 구매하신 'MAINSTREAM' 품목과 구매 연관성 및 상품 특성이 매우 유사합니다.,Hybrid
81,5568378,TORTILLA/NACHO CHIPS,89.75362201681833,귀하가 과거에 구매하신 'MAINSTREAM' 품목과 구매 연관성 및 상품 특성이 매우 유사합니다.,Hybrid
81,938700,CORN,89.13557352813572,귀하가 과거에 구매하신 'MAINSTREAM' 품목과 구매 연관성 및 상품 특성이 매우 유사합니다.,Hybrid
81,1136257,SHREDDED CHEESE,88.99428345673165,귀하가 과거에 구매하신 'MAINSTREAM' 품목과 구매 연관성 및 상품 특성이 매우 유사합니다.,Hybrid
81,6534178,,60.0,전체 베스트셀러,Demo
81,6533889,,23.62732241536166,전체 베스트셀러,Demo
81,1029743,,23.210835685378214,전체 베스트셀러,Demo
81,6534166,,22.616417228880614,전체 베스트셀러,Demo
81,1082185,,22.289502102064553,전체 베스트셀러,Demo
82,948650,CHOICE BEEF,71.99671600128025,귀하가 과거에 구매하신 'CHOICE BEEF' 품목과 구매 연관성 및 상품 특성이 매우 유사합니다.,Hybrid
82,823990,CHOICE BEEF,71.70774602694168,귀하가 과거에 구매하신 'CHOICE BEEF' 품목과 구매 연관성 및 상품 특성이 매우 유사합니다.,Hybrid
82,1082185,BANANAS,71.45521750751126,귀하가 과거에 구매하신 'CHOICE BEEF' 품목과 구매 연관성 및 상품 특성이 매우 유사합니다.,Hybrid
82,844179,PRIMAL,71.38179948132479,귀하가 과거에 구매하신 'CHOICE BEEF' 품목과 구매 연관성 및 상품 특성이 매우 유사합니다.,Hybrid
82,962568,CELERY,71.37748993775634,귀하가 과거에 구매하신 'CHOICE BEEF' 품목과 구매 연관성 및 상품 특성이 매우 유사합니다.,Hybrid
82,6534178,,60.0,전체 베스트셀러,Demo
82,6533889,,23.62732241536166,전체 베스트셀러,Demo
82,1029743,,23.210835685378214,전체 베스트셀러,Demo
82,6534166,,22.616417228880614,전체 베스트셀러,Demo
82,1082185,,22.289502102064553,전체 베스트셀러,Demo
83,1033142,ONIONS SWEET (BULK&BAG),75.59060595801164,귀하가 과거에 구매하신 'ORANGES NAVELS ALL' 품목과 구매 연관성 및 상품 특성이 매우 유사합니다.,Hybrid
83,952163,POTATOES RUSSET (BULK&BAG),75.28803423085007,귀하가 과거에 구매하신 'ORANGES NAVELS ALL' 품목과 구매 연관성 및 상품 특성이 매우 유사합니다.,Hybrid
83,834484,ONIONS OTHER,75.28611833791707,귀하가 과거에 구매하신 'ORANGES NAVELS ALL' 품목과 구매 연관성 및 상품 특성이 매우 유사합니다.,Hybrid
83,961554,CARROTS MINI PEELED,75.22421902351347,귀하가 과거에 구매하신 'ORANGES NAVELS ALL' 품목과 구매 연관성 및 상품 특성이 매우 유사합니다.,Hybrid
83,995785,PEPPERS GREEN BELL,74.74274208094134,귀하가 과거에 구매하신 'ORANGES NAVELS ALL' 품목과 구매 연관성 및 상품 특성이 매우 유사합니다.,Hybrid
83,6534178,,60.0,전체 베스트셀러,Demo
83,6533889,,23.62732241536166,전체 베스트셀러,Demo
83,1029743,,23.210835685378214,전체 베스트셀러,Demo
83,6534166,,22.616417228880614,전체 베스트셀러,Demo
83,1082185,,22.289502102064553,전체 베스트셀러,Demo
84,883404,MAINSTREAM WHITE BREAD,76.02263065253493,귀하가 과거에 구매하신 'MARGARINE  STICK' 품목과 구매 연관성 및 상품 특성이 매우 유사합니다.,Hybrid
84,1098066,HOT DOG BUNS,75.73135851718732,귀하가 과거에 구매하신 'MARGARINE  STICK' 품목과 구매 연관성 및 상품 특성이 매우 유사합니다.,Hybrid
84,981760,EGGS - X-LARGE,75.58501300086772,귀하가 과거에 구매하신 'MARGARINE  STICK' 품목과 구매 연관성 및 상품 특성이 매우 유사합니다.,Hybrid
84,1068719,SUGAR,75.47865352119075,귀하가 과거에 구매하신 'MARGARINE  STICK' 품목과 구매 연관성 및 상품 특성이 매우 유사합니다.,Hybrid
84,826249,HAMBURGER BUNS,75.44410534247992,귀하가 과거에 구매하신 'MARGARINE  STICK' 품목과 구매 연관성 및 상품 특성이 매우 유사합니다.,Hybrid
84,6534178,,60.0,전체 베스트셀러,Demo
84,6533889,,23.62732241536166,전체 베스트셀러,Demo
84,1029743,,23.210835685378214,전체 베스트셀러,Demo
84,6534166,,22.616417228880614,전체 베스트셀러,Demo
84,1082185,,22.289502102064553,전체 베스트셀러,Demo
85,1098066,HOT DOG BUNS,89.53155987138959,귀하가 과거에 구매하신 'CHEESE: PROCESSED BULK' 품목과 구매 연관성 및 상품 특성이 매우 유사합니다.,Hybrid
85,899624,POTATOES RUSSET (BULK&BAG),88.80580079053713,귀하가 과거에 구매하신 'CHEESE: PROCESSED BULK' 품목과 구매 연관성 및 상품 특성이 매우 유사합니다.,Hybrid
85,1029743,FLUID MILK WHITE ONLY,87.88640461009716,귀하가 과거에 구매하신 'CHEESE: PROCESSED BULK' 품목과 구매 연관성 및 상품 특성이 매우 유사합니다.,Hybrid
85,987562,SHREDDED CHEESE,87.58339410303043,귀하가 과거에 구매하신 'CHEESE: PROCESSED BULK' 품목과 구매 연관성 및 상품 특성이 매우 유사합니다.,Hybrid
85,845208,ONIONS YELLOW (BULK&BAG),87.56219138150544,귀하가 과거에 구매하신 'CHEESE: PROCESSED BULK' 품목과 구매 연관성 및 상품 특성이 매우 유사합니다.,Hybrid
85,6534178,,24.681367889496826,35-49K 소득 수준 베스트셀러,Demo
85,1029743,,20.341506145259213,35-49K 소득 수준 베스트셀러,Demo
85,6534166,,20.29520678883402,35-49K 소득 수준 베스트셀러,Demo
85,995242,,20.24136430116355,35-49K 소득 수준 베스트셀러,Demo
85,1082185,,20.22573032896407,35-49K 소득 수준 베스트셀러,Demo
86,899624,POTATOES RUSSET (BULK&BAG),82.76350830764751,귀하가 과거에 구매하신 'CHEESE: PROCESSED BULK' 품목과 구매 연관성 및 상품 특성이 매우 유사합니다.,Hybrid
86,1033142,ONIONS SWEET (BULK&BAG),81.59734157739757,귀하가 과거에 구매하신 'CHEESE: PROCESSED BULK' 품목과 구매 연관성 및 상품 특성이 매우 유사합니다.,Hybrid
86,883404,MAINSTREAM WHITE BREAD,81.55526449895787,귀하가 과거에 구매하신 'CHEESE: PROCESSED BULK' 품목과 구매 연관성 및 상품 특성이 매우 유사합니다.,Hybrid
86,1068719,SUGAR,81.33803188356566,귀하가 과거에 구매하신 'CHEESE: PROCESSED BULK' 품목과 구매 연관성 및 상품 특성이 매우 유사합니다.,Hybrid
86,1044078,LEAN,81.10009019483739,귀하가 과거에 구매하신 'CHEESE: PROCESSED BULK' 품목과 구매 연관성 및 상품 특성이 매우 유사합니다.,Hybrid
86,6534178,,24.681367889496826,35-49K 소득 수준 베스트셀러,Demo
86,1029743,,20.341506145259213,35-49K 소득 수준 베스트셀러,Demo
86,6534166,,20.29520678883402,35-49K 소득 수준 베스트셀러,Demo
86,995242,,20.24136430116355,35-49K 소득 수준 베스트셀러,Demo
86,1082185,,20.22573032896407,35-49K 소득 수준 베스트셀러,Demo
87,1033142,ONIONS SWEET (BULK&BAG),71.26976726087553,귀하가 과거에 구매하신 'ONIONS YELLOW (BULK&BAG)' 품목과 구매 연관성 및 상품 특성이 매우 유사합니다.,Hybrid
87,834484,ONIONS OTHER,71.0661057217188,귀하가 과거에 구매하신 'ONIONS YELLOW (BULK&BAG)' 품목과 구매 연관성 및 상품 특성이 매우 유사합니다.,Hybrid
87,1004906,POTATOES RUSSET (BULK&BAG),70.99689982026436,귀하가 과거에 구매하신 'ONIONS YELLOW (BULK&BAG)' 품목과 구매 연관성 및 상품 특성이 매우 유사합니다.,Hybrid
87,865178,CELERY,70.90816984658827,귀하가 과거에 구매하신 'ONIONS YELLOW (BULK&BAG)' 품목과 구매 연관성 및 상품 특성이 매우 유사합니다.,Hybrid
87,1082185,BANANAS,70.88345042795066,귀하가 과거에 구매하신 'ONIONS YELLOW (BULK&BAG)' 품목과 구매 연관성 및 상품 특성이 매우 유사합니다.,Hybrid
87,6534178,,60.0,전체 베스트셀러,Demo
87,6533889,,23.62732241536166,전체 베스트셀러,Demo
87,1029743,,23.210835685378214,전체 베스트셀러,Demo
87,6534166,,22.616417228880614,전체 베스트셀러,Demo
87,1082185,,22.289502102064553,전체 베스트셀러,Demo
88,859075,SHREDDED CHEESE,95.05348138226893,귀하가 과거에 구매하신 'ORANGES NAVELS ALL' 품목과 구매 연관성 및 상품 특성이 매우 유사합니다.,Hybrid
88,899624,POTATOES RUSSET (BULK&BAG),94.16711072578555,귀하가 과거에 구매하신 'ORANGES NAVELS ALL' 품목과 구매 연관성 및 상품 특성이 매우 유사합니다.,Hybrid
88,938700,CORN,93.20077777325896,귀하가 과거에 구매하신 'ORANGES NAVELS ALL' 품목과 구매 연관성 및 상품 특성이 매우 유사합니다.,Hybrid
88,866211,GRAPES WHITE,92.55061478286558,귀하가 과거에 구매하신 'ORANGES NAVELS ALL' 품목과 구매 연관성 및 상품 특성이 매우 유사합니다.,Hybrid
88,845208,ONIONS YELLOW (BULK&BAG),92.40277513039237,귀하가 과거에 구매하신 'ORANGES NAVELS ALL' 품목과 구매 연관성 및 상품 특성이 매우 유사합니다.,Hybrid
88,6534178,,60.0,전체 베스트셀러,Demo
88,6533889,,23.62732241536166,전체 베스트셀러,Demo
88,1029743,,23.210835685378214,전체 베스트셀러,Demo
88,6534166,,22.616417228880614,전체 베스트셀러,Demo
88,1082185,,22.289502102064553,전체 베스트셀러,Demo
89,1022097,CARDS EVERYDAY,71.64199443355561,귀하가 과거에 구매하신 'CARDS EVERYDAY' 품목과 구매 연관성 및 상품 특성이 매우 유사합니다.,Hybrid
89,1135476,STRAWBERRIES,71.53515847822908,귀하가 과거에 구매하신 'CARDS EVERYDAY' 품목과 구매 연관성 및 상품 특성이 매우 유사합니다.,Hybrid
89,866211,GRAPES WHITE,71.37216368604903,귀하가 과거에 구매하신 'CARDS EVERYDAY' 품목과 구매 연관성 및 상품 특성이 매우 유사합니다.,Hybrid
89,962568,CELERY,71.31477150186839,귀하가 과거에 구매하신 'CARDS EVERYDAY' 품목과 구매 연관성 및 상품 특성이 매우 유사합니다.,Hybrid
89,878996,GRAPES RED,71.25974818702699,귀하가 과거에 구매하신 'CARDS EVERYDAY' 품목과 구매 연관성 및 상품 특성이 매우 유사합니다.,Hybrid
89,6534178,,60.0,전체 베스트셀러,Demo
89,6533889,,23.62732241536166,전체 베스트셀러,Demo
89,1029743,,23.210835685378214,전체 베스트셀러,Demo
89,6534166,,22.616417228880614,전체 베스트셀러,Demo
89,1082185,,22.289502102064553,전체 베스트셀러,Demo
90,1127831,STRAWBERRIES,71.603257684245,귀하가 과거에 구매하신 'CARDS EVERYDAY' 품목과 구매 연관성 및 상품 특성이 매우 유사합니다.,Hybrid
90,981760,EGGS - X-LARGE,71.50853027332039,귀하가 과거에 구매하신 'CARDS EVERYDAY' 품목과 구매 연관성 및 상품 특성이 매우 유사합니다.,Hybrid
90,878996,GRAPES RED,71.41773746063548,귀하가 과거에 구매하신 'CARDS EVERYDAY' 품목과 구매 연관성 및 상품 특성이 매우 유사합니다.,Hybrid
90,1029743,FLUID MILK WHITE ONLY,71.34385940115052,귀하가 과거에 구매하신 'CARDS EVERYDAY' 품목과 구매 연관성 및 상품 특성이 매우 유사합니다.,Hybrid
90,840361,EGGS - LARGE,71.33637168881648,귀하가 과거에 구매하신 'CARDS EVERYDAY' 품목과 구매 연관성 및 상품 특성이 매우 유사합니다.,Hybrid
90,6534178,,60.0,전체 베스트셀러,Demo
90,6533889,,23.62732241536166,전체 베스트셀러,Demo
90,1029743,,23.210835685378214,전체 베스트셀러,Demo
90,6534166,,22.616417228880614,전체 베스트셀러,Demo
90,1082185,,22.289502102064553,전체 베스트셀러,Demo
91,1004906,POTATOES RUSSET (BULK&BAG),77.98450201812564,귀하가 과거에 구매하신 'MUSHROOMS WHITE SLICED PKG' 품목과 구매 연관성 및 상품 특성이 매우 유사합니다.,Hybrid
91,1136257,SHREDDED CHEESE,77.66997732690281,귀하가 과거에 구매하신 'MUSHROOMS WHITE SLICED PKG' 품목과 구매 연관성 및 상품 특성이 매우 유사합니다.,Hybrid
91,1096036,IWS SINGLE CHEESE,77.28672855329998,귀하가 과거에 구매하신 'MUSHROOMS WHITE SLICED PKG' 품목과 구매 연관성 및 상품 특성이 매우 유사합니다.,Hybrid
91,883404,MAINSTREAM WHITE BREAD,77.25707522255249,귀하가 과거에 구매하신 'MUSHROOMS WHITE SLICED PKG' 품목과 구매 연관성 및 상품 특성이 매우 유사합니다.,Hybrid
91,844179,PRIMAL,77.1401939642055,귀하가 과거에 구매하신 'MUSHROOMS WHITE SLICED PKG' 품목과 구매 연관성 및 상품 특성이 매우 유사합니다.,Hybrid
91,6534178,,60.0,전체 베스트셀러,Demo
91,6533889,,23.62732241536166,전체 베스트셀러,Demo
91,1029743,,23.210835685378214,전체 베스트셀러,Demo
91,6534166,,22.616417228880614,전체 베스트셀러,Demo
91,1082185,,22.289502102064553,전체 베스트셀러,Demo
92,1004906,POTATOES RUSSET (BULK&BAG),81.73472025767643,귀하가 과거에 구매하신 'ORANGES NAVELS ALL' 품목과 구매 연관성 및 상품 특성이 매우 유사합니다.,Hybrid
92,1033142,ONIONS SWEET (BULK&BAG),80.4185972592248,귀하가 과거에 구매하신 'ORANGES NAVELS ALL' 품목과 구매 연관성 및 상품 특성이 매우 유사합니다.,Hybrid
92,840361,EGGS - LARGE,80.15203736433392,귀하가 과거에 구매하신 'ORANGES NAVELS ALL' 품목과 구매 연관성 및 상품 특성이 매우 유사합니다.,Hybrid
92,1105488,GRAPES RED,79.7201345680023,귀하가 과거에 구매하신 'ORANGES NAVELS ALL' 품목과 구매 연관성 및 상품 특성이 매우 유사합니다.,Hybrid
92,1029743,FLUID MILK WHITE ONLY,79.39734063841239,귀하가 과거에 구매하신 'ORANGES NAVELS ALL' 품목과 구매 연관성 및 상품 특성이 매우 유사합니다.,Hybrid
92,6534178,,60.0,전체 베스트셀러,Demo
92,6533889,,23.62732241536166,전체 베스트셀러,Demo
92,1029743,,23.210835685378214,전체 베스트셀러,Demo
92,6534166,,22.616417228880614,전체 베스트셀러,Demo
92,1082185,,22.289502102064553,전체 베스트셀러,Demo
93,961554,CARROTS MINI PEELED,73.37158493690775,귀하가 과거에 구매하신 'REGULAR GARDEN' 품목과 구매 연관성 및 상품 특성이 매우 유사합니다.,Hybrid
93,866211,GRAPES WHITE,73.25109258471419,귀하가 과거에 구매하신 'REGULAR GARDEN' 품목과 구매 연관성 및 상품 특성이 매우 유사합니다.,Hybrid
93,1105488,GRAPES RED,73.23041621542075,귀하가 과거에 구매하신 'REGULAR GARDEN' 품목과 구매 연관성 및 상품 특성이 매우 유사합니다.,Hybrid
93,1127831,STRAWBERRIES,73.14436971117406,귀하가 과거에 구매하신 'REGULAR GARDEN' 품목과 구매 연관성 및 상품 특성이 매우 유사합니다.,Hybrid
93,981760,EGGS - X-LARGE,73.06877842787524,귀하가 과거에 구매하신 'REGULAR GARDEN' 품목과 구매 연관성 및 상품 특성이 매우 유사합니다.,Hybrid
93,6534178,,60.0,전체 베스트셀러,Demo
93,6533889,,23.62732241536166,전체 베스트셀러,Demo
93,1029743,,23.210835685378214,전체 베스트셀러,Demo
93,6534166,,22.616417228880614,전체 베스트셀러,Demo
93,1082185,,22.289502102064553,전체 베스트셀러,Demo
94,1004906,POTATOES RUSSET (BULK&BAG),74.1182381131241,귀하가 과거에 구매하신 'HAMBURGER BUNS' 품목과 구매 연관성 및 상품 특성이 매우 유사합니다.,Hybrid
94,1033142,ONIONS SWEET (BULK&BAG),74.10546038449249,귀하가 과거에 구매하신 'HAMBURGER BUNS' 품목과 구매 연관성 및 상품 특성이 매우 유사합니다.,Hybrid
94,845208,ONIONS YELLOW (BULK&BAG),73.5737710360247,귀하가 과거에 구매하신 'HAMBURGER BUNS' 품목과 구매 연관성 및 상품 특성이 매우 유사합니다.,Hybrid
94,834484,ONIONS OTHER,73.50810252263962,귀하가 과거에 구매하신 'HAMBURGER BUNS' 품목과 구매 연관성 및 상품 특성이 매우 유사합니다.,Hybrid
94,962568,CELERY,73.49630120829417,귀하가 과거에 구매하신 'HAMBURGER BUNS' 품목과 구매 연관성 및 상품 특성이 매우 유사합니다.,Hybrid
94,6534178,,60.0,전체 베스트셀러,Demo
94,6533889,,23.62732241536166,전체 베스트셀러,Demo
94,1029743,,23.210835685378214,전체 베스트셀러,Demo
94,6534166,,22.616417228880614,전체 베스트셀러,Demo
94,1082185,,22.289502102064553,전체 베스트셀러,Demo
95,1081177,TOMATOES VINE RIPE BULK,89.2087664716065,귀하가 과거에 구매하신 'EGGS - JUMBO' 품목과 구매 연관성 및 상품 특성이 매우 유사합니다.,Hybrid
95,860776,CUCUMBERS,89.10217243926397,귀하가 과거에 구매하신 'EGGS - JUMBO' 품목과 구매 연관성 및 상품 특성이 매우 유사합니다.,Hybrid
95,859075,SHREDDED CHEESE,88.79518996222218,귀하가 과거에 구매하신 'EGGS - JUMBO' 품목과 구매 연관성 및 상품 특성이 매우 유사합니다.,Hybrid
95,938700,CORN,88.43641980535259,귀하가 과거에 구매하신 'EGGS - JUMBO' 품목과 구매 연관성 및 상품 특성이 매우 유사합니다.,Hybrid
95,5568378,TORTILLA/NACHO CHIPS,87.87578165822801,귀하가 과거에 구매하신 'EGGS - JUMBO' 품목과 구매 연관성 및 상품 특성이 매우 유사합니다.,Hybrid
95,6534178,,60.0,전체 베스트셀러,Demo
95,6533889,,23.62732241536166,전체 베스트셀러,Demo
95,1029743,,23.210835685378214,전체 베스트셀러,Demo
95,6534166,,22.616417228880614,전체 베스트셀러,Demo
95,1082185,,22.289502102064553,전체 베스트셀러,Demo
96,962568,CELERY,76.62641927578166,귀하가 과거에 구매하신 'SOUR CREAMS' 품목과 구매 연관성 및 상품 특성이 매우 유사합니다.,Hybrid
96,840361,EGGS - LARGE,76.48187316123851,귀하가 과거에 구매하신 'SOUR CREAMS' 품목과 구매 연관성 및 상품 특성이 매우 유사합니다.,Hybrid
96,1033142,ONIONS SWEET (BULK&BAG),76.47202666338264,귀하가 과거에 구매하신 'SOUR CREAMS' 품목과 구매 연관성 및 상품 특성이 매우 유사합니다.,Hybrid
96,834484,ONIONS OTHER,76.46744331033581,귀하가 과거에 구매하신 'SOUR CREAMS' 품목과 구매 연관성 및 상품 특성이 매우 유사합니다.,Hybrid
96,860776,CUCUMBERS,76.3216404451299,귀하가 과거에 구매하신 'SOUR CREAMS' 품목과 구매 연관성 및 상품 특성이 매우 유사합니다.,Hybrid
96,6534178,,60.0,전체 베스트셀러,Demo
96,6533889,,23.62732241536166,전체 베스트셀러,Demo
96,1029743,,23.210835685378214,전체 베스트셀러,Demo
96,6534166,,22.616417228880614,전체 베스트셀러,Demo
96,1082185,,22.289502102064553,전체 베스트셀러,Demo
97,883404,MAINSTREAM WHITE BREAD,93.02537856589615,귀하가 과거에 구매하신 'MAINSTREAM' 품목과 구매 연관성 및 상품 특성이 매우 유사합니다.,Hybrid
97,1068719,SUGAR,92.51063829114918,귀하가 과거에 구매하신 'MAINSTREAM' 품목과 구매 연관성 및 상품 특성이 매우 유사합니다.,Hybrid
97,952163,POTATOES RUSSET (BULK&BAG),91.21950380138722,귀하가 과거에 구매하신 'MAINSTREAM' 품목과 구매 연관성 및 상품 특성이 매우 유사합니다.,Hybrid
97,994928,EGGS - MEDIUM,89.41949378544834,귀하가 과거에 구매하신 'MAINSTREAM' 품목과 구매 연관성 및 상품 특성이 매우 유사합니다.,Hybrid
97,898068,CATSUP,89.37844640727405,귀하가 과거에 구매하신 'MAINSTREAM' 품목과 구매 연관성 및 상품 특성이 매우 유사합니다.,Hybrid
97,6534178,,23.731236222547093,75-99K 소득 수준 베스트셀러,Demo
97,1029743,,20.139054671325884,75-99K 소득 수준 베스트셀러,Demo
97,5569471,,20.127741166859366,75-99K 소득 수준 베스트셀러,Demo
97,1082185,,20.11291961747922,75-99K 소득 수준 베스트셀러,Demo
97,995242,,20.103676121840053,75-99K 소득 수준 베스트셀러,Demo
98,826249,HAMBURGER BUNS,84.25370871369961,귀하가 과거에 구매하신 'ORANGES NAVELS ALL' 품목과 구매 연관성 및 상품 특성이 매우 유사합니다.,Hybrid
98,899624,POTATOES RUSSET (BULK&BAG),83.58100439500785,귀하가 과거에 구매하신 'ORANGES NAVELS ALL' 품목과 구매 연관성 및 상품 특성이 매우 유사합니다.,Hybrid
98,1029743,FLUID MILK WHITE ONLY,83.36219349159686,귀하가 과거에 구매하신 'ORANGES NAVELS ALL' 품목과 구매 연관성 및 상품 특성이 매우 유사합니다.,Hybrid
98,1096036,IWS SINGLE CHEESE,83.2118938619673,귀하가 과거에 구매하신 'ORANGES NAVELS ALL' 품목과 구매 연관성 및 상품 특성이 매우 유사합니다.,Hybrid
98,1106523,FLUID MILK WHITE ONLY,82.9574979704081,귀하가 과거에 구매하신 'ORANGES NAVELS ALL' 품목과 구매 연관성 및 상품 특성이 매우 유사합니다.,Hybrid
98,6534178,,24.681367889496826,35-49K 소득 수준 베스트셀러,Demo
98,1029743,,20.341506145259213,35-49K 소득 수준 베스트셀러,Demo
98,6534166,,20.29520678883402,35-49K 소득 수준 베스트셀러,Demo
98,995242,,20.24136430116355,35-49K 소득 수준 베스트셀러,Demo
98,1082185,,20.22573032896407,35-49K 소득 수준 베스트셀러,Demo
99,840361,EGGS - LARGE,92.5176879209186,귀하가 과거에 구매하신 'CHEESE: PROCESSED BULK' 품목과 구매 연관성 및 상품 특성이 매우 유사합니다.,Hybrid
99,961554,CARROTS MINI PEELED,92.45585821652054,귀하가 과거에 구매하신 'CHEESE: PROCESSED BULK' 품목과 구매 연관성 및 상품 특성이 매우 유사합니다.,Hybrid
99,1081177,TOMATOES VINE RIPE BULK,91.6386740708609,귀하가 과거에 구매하신 'CHEESE: PROCESSED BULK' 품목과 구매 연관성 및 상품 특성이 매우 유사합니다.,Hybrid
99,938700,CORN,91.22168475880952,귀하가 과거에 구매하신 'CHEESE: PROCESSED BULK' 품목과 구매 연관성 및 상품 특성이 매우 유사합니다.,Hybrid
99,1136257,SHREDDED CHEESE,91.0515204613085,귀하가 과거에 구매하신 'CHEESE: PROCESSED BULK' 품목과 구매 연관성 및 상품 특성이 매우 유사합니다.,Hybrid
99,6534178,,60.0,전체 베스트셀러,Demo
99,6533889,,23.62732241536166,전체 베스트셀러,Demo
99,1029743,,23.210835685378214,전체 베스트셀러,Demo
99,6534166,,22.616417228880614,전체 베스트셀러,Demo
99,1082185,,22.289502102064553,전체 베스트셀러,Demo
100,1098066,HOT DOG BUNS,77.5510642916297,귀하가 과거에 구매하신 'HAMBURGER BUNS' 품목과 구매 연관성 및 상품 특성이 매우 유사합니다.,Hybrid
100,859075,SHREDDED CHEESE,76.89364188762185,귀하가 과거에 구매하신 'HAMBURGER BUNS' 품목과 구매 연관성 및 상품 특성이 매우 유사합니다.,Hybrid
100,844179,PRIMAL,76.80926975207962,귀하가 과거에 구매하신 'HAMBURGER BUNS' 품목과 구매 연관성 및 상품 특성이 매우 유사합니다.,Hybrid
100,1096036,IWS SINGLE CHEESE,76.62794081122458,귀하가 과거에 구매하신 'HAMBURGER BUNS' 품목과 구매 연관성 및 상품 특성이 매우 유사합니다.,Hybrid
100,1004906,POTATOES RUSSET (BULK&BAG),76.55232605630955,귀하가 과거에 구매하신 'HAMBURGER BUNS' 품목과 구매 연관성 및 상품 특성이 매우 유사합니다.,Hybrid
100,6534178,,60.0,전체 베스트셀러,Demo
100,6533889,,23.62732241536166,전체 베스트셀러,Demo
100,1029743,,23.210835685378214,전체 베스트셀러,Demo
100,6534166,,22.616417228880614,전체 베스트셀러,Demo
100,1082185,,22.289502102064553,전체 베스트셀러,Demo
101,981760,EGGS - X-LARGE,86.97785363278619,귀하가 과거에 구매하신 'CHEESE: PROCESSED BULK' 품목과 구매 연관성 및 상품 특성이 매우 유사합니다.,Hybrid
101,883404,MAINSTREAM WHITE BREAD,86.34148120628832,귀하가 과거에 구매하신 'CHEESE: PROCESSED BULK' 품목과 구매 연관성 및 상품 특성이 매우 유사합니다.,Hybrid
101,1029743,FLUID MILK WHITE ONLY,86.33132249010004,귀하가 과거에 구매하신 'CHEESE: PROCESSED BULK' 품목과 구매 연관성 및 상품 특성이 매우 유사합니다.,Hybrid
101,5568378,TORTILLA/NACHO CHIPS,85.42064888256668,귀하가 과거에 구매하신 'CHEESE: PROCESSED BULK' 품목과 구매 연관성 및 상품 특성이 매우 유사합니다.,Hybrid
101,1096036,IWS SINGLE CHEESE,85.34908982454934,귀하가 과거에 구매하신 'CHEESE: PROCESSED BULK' 품목과 구매 연관성 및 상품 특성이 매우 유사합니다.,Hybrid
101,6534178,,21.62184396688415,Under 15K 소득 수준 베스트셀러,Demo
101,6533889,,20.187656157383948,Under 15K 소득 수준 베스트셀러,Demo
101,6533765,,20.18122116450477,Under 15K 소득 수준 베스트셀러,Demo
101,1044078,,20.08030425950025,Under 15K 소득 수준 베스트셀러,Demo
101,1106523,,20.067942236737544,Under 15K 소득 수준 베스트셀러,Demo
1,981760,EGGS - X-LARGE,79.52728157364933,귀하가 과거에 구매하신 'ORANGES NAVELS ALL' 품목과 구매 연관성 및 상품 특성이 매우 유사합니다.,Hybrid
1,899624,POTATOES RUSSET (BULK&BAG),79.19267340266292,귀하가 과거에 구매하신 'ORANGES NAVELS ALL' 품목과 구매 연관성 및 상품 특성이 매우 유사합니다.,Hybrid
1,845208,ONIONS YELLOW (BULK&BAG),78.84977718453622,귀하가 과거에 구매하신 'ORANGES NAVELS ALL' 품목과 구매 연관성 및 상품 특성이 매우 유사합니다.,Hybrid
1,866211,GRAPES WHITE,78.68552199941433,귀하가 과거에 구매하신 'ORANGES NAVELS ALL' 품목과 구매 연관성 및 상품 특성이 매우 유사합니다.,Hybrid
1,878996,GRAPES RED,78.61824643696914,귀하가 과거에 구매하신 'ORANGES NAVELS ALL' 품목과 구매 연관성 및 상품 특성이 매우 유사합니다.,Hybrid
1,6534178,,24.681367889496826,35-49K 소득 수준 베스트셀러,Demo
1,1029743,,20.341506145259213,35-49K 소득 수준 베스트셀러,Demo
1,6534166,,20.29520678883402,35-49K 소득 수준 베스트셀러,Demo
1,995242,,20.24136430116355,35-49K 소득 수준 베스트셀러,Demo
1,1082185,,20.22573032896407,35-49K 소득 수준 베스트셀러,Demo
7,1004906,POTATOES RUSSET (BULK&BAG),81.31847352066654,귀하가 과거에 구매하신 'ORANGES NAVELS ALL' 품목과 구매 연관성 및 상품 특성이 매우 유사합니다.,Hybrid
7,1098066,HOT DOG BUNS,81.1840602064205,귀하가 과거에 구매하신 'ORANGES NAVELS ALL' 품목과 구매 연관성 및 상품 특성이 매우 유사합니다.,Hybrid
7,981760,EGGS - X-LARGE,81.15828700472599,귀하가 과거에 구매하신 'ORANGES NAVELS ALL' 품목과 구매 연관성 및 상품 특성이 매우 유사합니다.,Hybrid
7,840361,EGGS - LARGE,80.65796805575684,귀하가 과거에 구매하신 'ORANGES NAVELS ALL' 품목과 구매 연관성 및 상품 특성이 매우 유사합니다.,Hybrid
7,883404,MAINSTREAM WHITE BREAD,80.50825968530015,귀하가 과거에 구매하신 'ORANGES NAVELS ALL' 품목과 구매 연관성 및 상품 특성이 매우 유사합니다.,Hybrid
7,6534178,,27.25717828622745,50-74K 소득 수준 베스트셀러,Demo
7,6534166,,20.390959005915622,50-74K 소득 수준 베스트셀러,Demo
7,1029743,,20.38093965443333,50-74K 소득 수준 베스트셀러,Demo
7,1082185,,20.283966418319928,50-74K 소득 수준 베스트셀러,Demo
7,916122,,20.27092790649729,50-74K 소득 수준 베스트셀러,Demo
8,1096036,IWS SINGLE CHEESE,91.84807946424044,귀하가 과거에 구매하신 'PASTA: CANNED' 품목과 구매 연관성 및 상품 특성이 매우 유사합니다.,Hybrid
8,866211,GRAPES WHITE,90.15058525014015,귀하가 과거에 구매하신 'PASTA: CANNED' 품목과 구매 연관성 및 상품 특성이 매우 유사합니다.,Hybrid
8,987562,SHREDDED CHEESE,89.50712134228681,귀하가 과거에 구매하신 'PASTA: CANNED' 품목과 구매 연관성 및 상품 특성이 매우 유사합니다.,Hybrid
8,999858,PRIMAL,88.70311119185547,귀하가 과거에 구매하신 'PASTA: CANNED' 품목과 구매 연관성 및 상품 특성이 매우 유사합니다.,Hybrid
8,897125,GRATED CHEESE,88.43565650487122,귀하가 과거에 구매하신 'PASTA: CANNED' 품목과 구매 연관성 및 상품 특성이 매우 유사합니다.,Hybrid
8,6534178,,21.579518486852166,25-34K 소득 수준 베스트셀러,Demo
8,6534166,,20.24115205371466,25-34K 소득 수준 베스트셀러,Demo
8,6533765,,20.198001431915092,25-34K 소득 수준 베스트셀러,Demo
8,1029743,,20.11729175593944,25-34K 소득 수준 베스트셀러,Demo
8,916122,,20.064136091474357,25-34K 소득 수준 베스트셀러,Demo
13,1098066,HOT DOG BUNS,84.97208115270962,귀하가 과거에 구매하신 'PASTA: CANNED' 품목과 구매 연관성 및 상품 특성이 매우 유사합니다.,Hybrid
13,981760,EGGS - X-LARGE,84.87243341113778,귀하가 과거에 구매하신 'PASTA: CANNED' 품목과 구매 연관성 및 상품 특성이 매우 유사합니다.,Hybrid
13,844179,PRIMAL,83.4778919319612,귀하가 과거에 구매하신 'PASTA: CANNED' 품목과 구매 연관성 및 상품 특성이 매우 유사합니다.,Hybrid
13,883404,MAINSTREAM WHITE BREAD,83.3145863462713,귀하가 과거에 구매하신 'PASTA: CANNED' 품목과 구매 연관성 및 상품 특성이 매우 유사합니다.,Hybrid
13,1044078,LEAN,82.87453671737286,귀하가 과거에 구매하신 'PASTA: CANNED' 품목과 구매 연관성 및 상품 특성이 매우 유사합니다.,Hybrid
13,6534178,,23.731236222547093,75-99K 소득 수준 베스트셀러,Demo
13,1029743,,20.139054671325884,75-99K 소득 수준 베스트셀러,Demo
13,5569471,,20.127741166859366,75-99K 소득 수준 베스트셀러,Demo
13,1082185,,20.11291961747922,75-99K 소득 수준 베스트셀러,Demo
13,995242,,20.103676121840053,75-99K 소득 수준 베스트셀러,Demo
16,951590,MAINSTREAM WHITE BREAD,70.12478699636,귀하가 과거에 구매하신 'SW GDS:DONUTS' 품목과 구매 연관성 및 상품 특성이 매우 유사합니다.,Hybrid
16,883404,MAINSTREAM WHITE BREAD,70.06999969148805,귀하가 과거에 구매하신 'SW GDS:DONUTS' 품목과 구매 연관성 및 상품 특성이 매우 유사합니다.,Hybrid
16,866211,GRAPES WHITE,70.06433611170364,귀하가 과거에 구매하신 'SW GDS:DONUTS' 품목과 구매 연관성 및 상품 특성이 매우 유사합니다.,Hybrid
16,1127831,STRAWBERRIES,70.0324620725164,귀하가 과거에 구매하신 'SW GDS:DONUTS' 품목과 구매 연관성 및 상품 특성이 매우 유사합니다.,Hybrid
16,838186,SW GDS:DONUTS,70.0,귀하가 과거에 구매하신 'SW GDS:DONUTS' 품목과 구매 연관성 및 상품 특성이 매우 유사합니다.,Hybrid
16,6534178,,27.25717828622745,50-74K 소득 수준 베스트셀러,Demo
16,6534166,,20.390959005915622,50-74K 소득 수준 베스트셀러,Demo
16,1029743,,20.38093965443333,50-74K 소득 수준 베스트셀러,Demo
16,1082185,,20.283966418319928,50-74K 소득 수준 베스트셀러,Demo
16,916122,,20.27092790649729,50-74K 소득 수준 베스트셀러,Demo
17,840361,EGGS - LARGE,82.12527559626324,귀하가 과거에 구매하신 'ORANGES NAVELS ALL' 품목과 구매 연관성 및 상품 특성이 매우 유사합니다.,Hybrid
17,961554,CARROTS MINI PEELED,81.76102925102413,귀하가 과거에 구매하신 'ORANGES NAVELS ALL' 품목과 구매 연관성 및 상품 특성이 매우 유사합니다.,Hybrid
17,952163,POTATOES RUSSET (BULK&BAG),81.40485362681744,귀하가 과거에 구매하신 'ORANGES NAVELS ALL' 품목과 구매 연관성 및 상품 특성이 매우 유사합니다.,Hybrid
17,1081177,TOMATOES VINE RIPE BULK,81.37794985548048,귀하가 과거에 구매하신 'ORANGES NAVELS ALL' 품목과 구매 연관성 및 상품 특성이 매우 유사합니다.,Hybrid
17,1096036,IWS SINGLE CHEESE,81.29290127305393,귀하가 과거에 구매하신 'ORANGES NAVELS ALL' 품목과 구매 연관성 및 상품 특성이 매우 유사합니다.,Hybrid
17,6534178,,21.62184396688415,Under 15K 소득 수준 베스트셀러,Demo
17,6533889,,20.187656157383948,Under 15K 소득 수준 베스트셀러,Demo
17,6533765,,20.18122116450477,Under 15K 소득 수준 베스트셀러,Demo
17,1044078,,20.08030425950025,Under 15K 소득 수준 베스트셀러,Demo
17,1106523,,20.067942236737544,Under 15K 소득 수준 베스트셀러,Demo
18,1004906,POTATOES RUSSET (BULK&BAG),85.20104230551561,귀하가 과거에 구매하신 'CHEESE: PROCESSED BULK' 품목과 구매 연관성 및 상품 특성이 매우 유사합니다.,Hybrid
18,834484,ONIONS OTHER,83.70044457067729,귀하가 과거에 구매하신 'CHEESE: PROCESSED BULK' 품목과 구매 연관성 및 상품 특성이 매우 유사합니다.,Hybrid
18,899624,POTATOES RUSSET (BULK&BAG),82.83375502536957,귀하가 과거에 구매하신 'CHEESE: PROCESSED BULK' 품목과 구매 연관성 및 상품 특성이 매우 유사합니다.,Hybrid
18,1105488,GRAPES RED,82.69011348701845,귀하가 과거에 구매하신 'CHEESE: PROCESSED BULK' 품목과 구매 연관성 및 상품 특성이 매우 유사합니다.,Hybrid
18,844179,PRIMAL,82.57927035205303,귀하가 과거에 구매하신 'CHEESE: PROCESSED BULK' 품목과 구매 연관성 및 상품 특성이 매우 유사합니다.,Hybrid
18,6534178,,21.476143645098734,100-124K 소득 수준 베스트셀러,Demo
18,6533889,,20.394702351371837,100-124K 소득 수준 베스트셀러,Demo
18,1029743,,20.026705816649287,100-124K 소득 수준 베스트셀러,Demo
18,1082185,,20.02345851017474,100-124K 소득 수준 베스트셀러,Demo
18,1106523,,20.0,100-124K 소득 수준 베스트셀러,Demo
19,1071939,CREAM CHEESE,100.0,귀하가 과거에 구매하신 'ORANGES NAVELS ALL' 품목과 구매 연관성 및 상품 특성이 매우 유사합니다.,Hybrid
19,1007195,CORN YELLOW,95.43126795722368,귀하가 과거에 구매하신 'ORANGES NAVELS ALL' 품목과 구매 연관성 및 상품 특성이 매우 유사합니다.,Hybrid
19,1038217,SOUP CRACKERS (SALTINE/OYSTER),95.24787913217179,귀하가 과거에 구매하신 'ORANGES NAVELS ALL' 품목과 구매 연관성 및 상품 특성이 매우 유사합니다.,Hybrid
19,1111072,CATSUP,94.72139097212843,귀하가 과거에 구매하신 'ORANGES NAVELS ALL' 품목과 구매 연관성 및 상품 특성이 매우 유사합니다.,Hybrid
19,951590,MAINSTREAM WHITE BREAD,94.66731180954181,귀하가 과거에 구매하신 'ORANGES NAVELS ALL' 품목과 구매 연관성 및 상품 특성이 매우 유사합니다.,Hybrid
19,6534178,,21.261786440671095,15-24K 소득 수준 베스트셀러,Demo
19,6533765,,20.182594810915546,15-24K 소득 수준 베스트셀러,Demo
19,5569230,,20.06308439344111,15-24K 소득 수준 베스트셀러,Demo
19,1029743,,20.06211377870294,15-24K 소득 수준 베스트셀러,Demo
19,1106523,,20.04967862198781,15-24K 소득 수준 베스트셀러,Demo
20,844179,PRIMAL,78.97448776987707,귀하가 과거에 구매하신 'ROLLS - PORK' 품목과 구매 연관성 및 상품 특성이 매우 유사합니다.,Hybrid
20,1098066,HOT DOG BUNS,78.20016223957371,귀하가 과거에 구매하신 'ROLLS - PORK' 품목과 구매 연관성 및 상품 특성이 매우 유사합니다.,Hybrid
20,1004906,POTATOES RUSSET (BULK&BAG),78.13204193064271,귀하가 과거에 구매하신 'ROLLS - PORK' 품목과 구매 연관성 및 상품 특성이 매우 유사합니다.,Hybrid
20,1029743,FLUID MILK WHITE ONLY,77.89427571706788,귀하가 과거에 구매하신 'ROLLS - PORK' 품목과 구매 연관성 및 상품 특성이 매우 유사합니다.,Hybrid
20,995242,FLUID MILK WHITE ONLY,77.58716049409183,귀하가 과거에 구매하신 'ROLLS - PORK' 품목과 구매 연관성 및 상품 특성이 매우 유사합니다.,Hybrid
20,6534178,,23.731236222547093,75-99K 소득 수준 베스트셀러,Demo
20,1029743,,20.139054671325884,75-99K 소득 수준 베스트셀러,Demo
20,5569471,,20.127741166859366,75-99K 소득 수준 베스트셀러,Demo
20,1082185,,20.11291961747922,75-99K 소득 수준 베스트셀러,Demo
20,995242,,20.103676121840053,75-99K 소득 수준 베스트셀러,Demo
22,899624,POTATOES RUSSET (BULK&BAG),80.41396278449555,귀하가 과거에 구매하신 'ORANGES NAVELS ALL' 품목과 구매 연관성 및 상품 특성이 매우 유사합니다.,Hybrid
22,845208,ONIONS YELLOW (BULK&BAG),80.30536367074454,귀하가 과거에 구매하신 'ORANGES NAVELS ALL' 품목과 구매 연관성 및 상품 특성이 매우 유사합니다.,Hybrid
22,995785,PEPPERS GREEN BELL,79.97119366213613,귀하가 과거에 구매하신 'ORANGES NAVELS ALL' 품목과 구매 연관성 및 상품 특성이 매우 유사합니다.,Hybrid
22,860776,CUCUMBERS,79.95852784101092,귀하가 과거에 구매하신 'ORANGES NAVELS ALL' 품목과 구매 연관성 및 상품 특성이 매우 유사합니다.,Hybrid
22,952163,POTATOES RUSSET (BULK&BAG),79.85363731038986,귀하가 과거에 구매하신 'ORANGES NAVELS ALL' 품목과 구매 연관성 및 상품 특성이 매우 유사합니다.,Hybrid
22,6534178,,23.731236222547093,75-99K 소득 수준 베스트셀러,Demo
22,1029743,,20.139054671325884,75-99K 소득 수준 베스트셀러,Demo
22,5569471,,20.127741166859366,75-99K 소득 수준 베스트셀러,Demo
22,1082185,,20.11291961747922,75-99K 소득 수준 베스트셀러,Demo
22,995242,,20.103676121840053,75-99K 소득 수준 베스트셀러,Demo
25,899624,POTATOES RUSSET (BULK&BAG),83.19882421552555,귀하가 과거에 구매하신 'ROLLS - PORK' 품목과 구매 연관성 및 상품 특성이 매우 유사합니다.,Hybrid
25,840361,EGGS - LARGE,82.84770680641499,귀하가 과거에 구매하신 'ROLLS - PORK' 품목과 구매 연관성 및 상품 특성이 매우 유사합니다.,Hybrid
25,1096036,IWS SINGLE CHEESE,82.57852307767504,귀하가 과거에 구매하신 'ROLLS - PORK' 품목과 구매 연관성 및 상품 특성이 매우 유사합니다.,Hybrid
25,962568,CELERY,82.11982796617991,귀하가 과거에 구매하신 'ROLLS - PORK' 품목과 구매 연관성 및 상품 특성이 매우 유사합니다.,Hybrid
25,1136257,SHREDDED CHEESE,81.90646235506354,귀하가 과거에 구매하신 'ROLLS - PORK' 품목과 구매 연관성 및 상품 특성이 매우 유사합니다.,Hybrid
25,6534178,,27.25717828622745,50-74K 소득 수준 베스트셀러,Demo
25,6534166,,20.390959005915622,50-74K 소득 수준 베스트셀러,Demo
25,1029743,,20.38093965443333,50-74K 소득 수준 베스트셀러,Demo
25,1082185,,20.283966418319928,50-74K 소득 수준 베스트셀러,Demo
25,916122,,20.27092790649729,50-74K 소득 수준 베스트셀러,Demo
27,859075,SHREDDED CHEESE,74.87916116135034,귀하가 과거에 구매하신 'MARGARINE  STICK' 품목과 구매 연관성 및 상품 특성이 매우 유사합니다.,Hybrid
27,1124729,CANDY BARS (SINGLES)(INCLUDING,74.82899909879619,귀하가 과거에 구매하신 'MARGARINE  STICK' 품목과 구매 연관성 및 상품 특성이 매우 유사합니다.,Hybrid
27,1080414,CANDY BARS (SINGLES)(INCLUDING,74.68986539303748,귀하가 과거에 구매하신 'MARGARINE  STICK' 품목과 구매 연관성 및 상품 특성이 매우 유사합니다.,Hybrid
27,1098066,HOT DOG BUNS,74.62168907467115,귀하가 과거에 구매하신 'MARGARINE  STICK' 품목과 구매 연관성 및 상품 특성이 매우 유사합니다.,Hybrid
27,1004906,POTATOES RUSSET (BULK&BAG),74.59193573841966,귀하가 과거에 구매하신 'MARGARINE  STICK' 품목과 구매 연관성 및 상품 특성이 매우 유사합니다.,Hybrid
27,6534178,,21.579518486852166,25-34K 소득 수준 베스트셀러,Demo
27,6534166,,20.24115205371466,25-34K 소득 수준 베스트셀러,Demo
27,6533765,,20.198001431915092,25-34K 소득 수준 베스트셀러,Demo
27,1029743,,20.11729175593944,25-34K 소득 수준 베스트셀러,Demo
27,916122,,20.064136091474357,25-34K 소득 수준 베스트셀러,Demo
31,899624,POTATOES RUSSET (BULK&BAG),81.88811883592697,귀하가 과거에 구매하신 'MAINSTREAM' 품목과 구매 연관성 및 상품 특성이 매우 유사합니다.,Hybrid
31,995242,FLUID MILK WHITE ONLY,81.31730647821726,귀하가 과거에 구매하신 'MAINSTREAM' 품목과 구매 연관성 및 상품 특성이 매우 유사합니다.,Hybrid
31,1071939,CREAM CHEESE,81.2873859507663,귀하가 과거에 구매하신 'MAINSTREAM' 품목과 구매 연관성 및 상품 특성이 매우 유사합니다.,Hybrid
31,1098066,HOT DOG BUNS,81.26928001903626,귀하가 과거에 구매하신 'MAINSTREAM' 품목과 구매 연관성 및 상품 특성이 매우 유사합니다.,Hybrid
31,878996,GRAPES RED,81.25142163104931,귀하가 과거에 구매하신 'MAINSTREAM' 품목과 구매 연관성 및 상품 특성이 매우 유사합니다.,Hybrid
31,6534178,,24.681367889496826,35-49K 소득 수준 베스트셀러,Demo
31,1029743,,20.341506145259213,35-49K 소득 수준 베스트셀러,Demo
31,6534166,,20.29520678883402,35-49K 소득 수준 베스트셀러,Demo
31,995242,,20.24136430116355,35-49K 소득 수준 베스트셀러,Demo
31,1082185,,20.22573032896407,35-49K 소득 수준 베스트셀러,Demo
39,1004906,POTATOES RUSSET (BULK&BAG),89.15175796896071,귀하가 과거에 구매하신 'PASTA: CANNED' 품목과 구매 연관성 및 상품 특성이 매우 유사합니다.,Hybrid
39,1029743,FLUID MILK WHITE ONLY,86.7618540150992,귀하가 과거에 구매하신 'PASTA: CANNED' 품목과 구매 연관성 및 상품 특성이 매우 유사합니다.,Hybrid
39,899624,POTATOES RUSSET (BULK&BAG),86.63283065445202,귀하가 과거에 구매하신 'PASTA: CANNED' 품목과 구매 연관성 및 상품 특성이 매우 유사합니다.,Hybrid
39,1096036,IWS SINGLE CHEESE,86.27355483374329,귀하가 과거에 구매하신 'PASTA: CANNED' 품목과 구매 연관성 및 상품 특성이 매우 유사합니다.,Hybrid
39,878996,GRAPES RED,86.01999288990147,귀하가 과거에 구매하신 'PASTA: CANNED' 품목과 구매 연관성 및 상품 특성이 매우 유사합니다.,Hybrid
39,6534178,,21.729913690409592,125-149K 소득 수준 베스트셀러,Demo
39,6533889,,20.260413310967593,125-149K 소득 수준 베스트셀러,Demo
39,6534166,,20.200545221564674,125-149K 소득 수준 베스트셀러,Demo
39,1029743,,20.100693528475915,125-149K 소득 수준 베스트셀러,Demo
39,1127831,,20.04485655073332,125-149K 소득 수준 베스트셀러,Demo
40,981760,EGGS - X-LARGE,89.4351378325032,귀하가 과거에 구매하신 'ORANGES NAVELS ALL' 품목과 구매 연관성 및 상품 특성이 매우 유사합니다.,Hybrid
40,979707,ONIONS SWEET (BULK&BAG),87.97570269646175,귀하가 과거에 구매하신 'ORANGES NAVELS ALL' 품목과 구매 연관성 및 상품 특성이 매우 유사합니다.,Hybrid
40,844179,PRIMAL,87.57799550626589,귀하가 과거에 구매하신 'ORANGES NAVELS ALL' 품목과 구매 연관성 및 상품 특성이 매우 유사합니다.,Hybrid
40,1081177,TOMATOES VINE RIPE BULK,87.11509695005286,귀하가 과거에 구매하신 'ORANGES NAVELS ALL' 품목과 구매 연관성 및 상품 특성이 매우 유사합니다.,Hybrid
40,1029743,FLUID MILK WHITE ONLY,86.86858229305952,귀하가 과거에 구매하신 'ORANGES NAVELS ALL' 품목과 구매 연관성 및 상품 특성이 매우 유사합니다.,Hybrid
40,6534178,,21.62184396688415,Under 15K 소득 수준 베스트셀러,Demo
40,6533889,,20.187656157383948,Under 15K 소득 수준 베스트셀러,Demo
40,6533765,,20.18122116450477,Under 15K 소득 수준 베스트셀러,Demo
40,1044078,,20.08030425950025,Under 15K 소득 수준 베스트셀러,Demo
40,1106523,,20.067942236737544,Under 15K 소득 수준 베스트셀러,Demo
42,859075,SHREDDED CHEESE,75.53314577043787,귀하가 과거에 구매하신 'ORANGES NAVELS ALL' 품목과 구매 연관성 및 상품 특성이 매우 유사합니다.,Hybrid
42,1098066,HOT DOG BUNS,75.13147224386843,귀하가 과거에 구매하신 'ORANGES NAVELS ALL' 품목과 구매 연관성 및 상품 특성이 매우 유사합니다.,Hybrid
42,1004906,POTATOES RUSSET (BULK&BAG),75.08951372576243,귀하가 과거에 구매하신 'ORANGES NAVELS ALL' 품목과 구매 연관성 및 상품 특성이 매우 유사합니다.,Hybrid
42,826249,HAMBURGER BUNS,74.89128131159157,귀하가 과거에 구매하신 'ORANGES NAVELS ALL' 품목과 구매 연관성 및 상품 특성이 매우 유사합니다.,Hybrid
42,844179,PRIMAL,74.82747989066844,귀하가 과거에 구매하신 'ORANGES NAVELS ALL' 품목과 구매 연관성 및 상품 특성이 매우 유사합니다.,Hybrid
42,6534178,,27.25717828622745,50-74K 소득 수준 베스트셀러,Demo
42,6534166,,20.390959005915622,50-74K 소득 수준 베스트셀러,Demo
42,1029743,,20.38093965443333,50-74K 소득 수준 베스트셀러,Demo
42,1082185,,20.283966418319928,50-74K 소득 수준 베스트셀러,Demo
42,916122,,20.27092790649729,50-74K 소득 수준 베스트셀러,Demo
43,981760,EGGS - X-LARGE,75.81069938080472,귀하가 과거에 구매하신 'HAMBURGER BUNS' 품목과 구매 연관성 및 상품 특성이 매우 유사합니다.,Hybrid
43,1098066,HOT DOG BUNS,75.60580406871294,귀하가 과거에 구매하신 'HAMBURGER BUNS' 품목과 구매 연관성 및 상품 특성이 매우 유사합니다.,Hybrid
43,899624,POTATOES RUSSET (BULK&BAG),75.51047427991742,귀하가 과거에 구매하신 'HAMBURGER BUNS' 품목과 구매 연관성 및 상품 특성이 매우 유사합니다.,Hybrid
43,1068719,SUGAR,75.48211346479269,귀하가 과거에 구매하신 'HAMBURGER BUNS' 품목과 구매 연관성 및 상품 특성이 매우 유사합니다.,Hybrid
43,1082185,BANANAS,75.35846584496379,귀하가 과거에 구매하신 'HAMBURGER BUNS' 품목과 구매 연관성 및 상품 특성이 매우 유사합니다.,Hybrid
43,6534178,,21.261786440671095,15-24K 소득 수준 베스트셀러,Demo
43,6533765,,20.182594810915546,15-24K 소득 수준 베스트셀러,Demo
43,5569230,,20.06308439344111,15-24K 소득 수준 베스트셀러,Demo
43,1029743,,20.06211377870294,15-24K 소득 수준 베스트셀러,Demo
43,1106523,,20.04967862198781,15-24K 소득 수준 베스트셀러,Demo
46,961554,CARROTS MINI PEELED,89.13166679580905,귀하가 과거에 구매하신 'PASTA: CANNED' 품목과 구매 연관성 및 상품 특성이 매우 유사합니다.,Hybrid
46,844179,PRIMAL,88.85686909694432,귀하가 과거에 구매하신 'PASTA: CANNED' 품목과 구매 연관성 및 상품 특성이 매우 유사합니다.,Hybrid
46,840361,EGGS - LARGE,88.62800382236253,귀하가 과거에 구매하신 'PASTA: CANNED' 품목과 구매 연관성 및 상품 특성이 매우 유사합니다.,Hybrid
46,859075,SHREDDED CHEESE,87.66142216189641,귀하가 과거에 구매하신 'PASTA: CANNED' 품목과 구매 연관성 및 상품 특성이 매우 유사합니다.,Hybrid
46,5568378,TORTILLA/NACHO CHIPS,87.22284540701295,귀하가 과거에 구매하신 'PASTA: CANNED' 품목과 구매 연관성 및 상품 특성이 매우 유사합니다.,Hybrid
46,6534178,,21.396809205402388,150-174K 소득 수준 베스트셀러,Demo
46,6533889,,20.391011471577144,150-174K 소득 수준 베스트셀러,Demo
46,916122,,20.060915017830574,150-174K 소득 수준 베스트셀러,Demo
46,1127831,,20.044019484951754,150-174K 소득 수준 베스트셀러,Demo
46,1082185,,20.02761204171195,150-174K 소득 수준 베스트셀러,Demo
48,840361,EGGS - LARGE,75.04239290792468,귀하가 과거에 구매하신 'CHOICE BEEF' 품목과 구매 연관성 및 상품 특성이 매우 유사합니다.,Hybrid
48,1098066,HOT DOG BUNS,75.0195106306074,귀하가 과거에 구매하신 'CHOICE BEEF' 품목과 구매 연관성 및 상품 특성이 매우 유사합니다.,Hybrid
48,826249,HAMBURGER BUNS,74.98106034181079,귀하가 과거에 구매하신 'CHOICE BEEF' 품목과 구매 연관성 및 상품 특성이 매우 유사합니다.,Hybrid
48,899624,POTATOES RUSSET (BULK&BAG),74.94674582726351,귀하가 과거에 구매하신 'CHOICE BEEF' 품목과 구매 연관성 및 상품 특성이 매우 유사합니다.,Hybrid
48,962568,CELERY,74.90800918577986,귀하가 과거에 구매하신 'CHOICE BEEF' 품목과 구매 연관성 및 상품 특성이 매우 유사합니다.,Hybrid
48,6534178,,24.681367889496826,35-49K 소득 수준 베스트셀러,Demo
48,1029743,,20.341506145259213,35-49K 소득 수준 베스트셀러,Demo
48,6534166,,20.29520678883402,35-49K 소득 수준 베스트셀러,Demo
48,995242,,20.24136430116355,35-49K 소득 수준 베스트셀러,Demo
48,1082185,,20.22573032896407,35-49K 소득 수준 베스트셀러,Demo
49,826249,HAMBURGER BUNS,88.61305181773443,귀하가 과거에 구매하신 'ORANGES NAVELS ALL' 품목과 구매 연관성 및 상품 특성이 매우 유사합니다.,Hybrid
49,899624,POTATOES RUSSET (BULK&BAG),87.96158257953347,귀하가 과거에 구매하신 'ORANGES NAVELS ALL' 품목과 구매 연관성 및 상품 특성이 매우 유사합니다.,Hybrid
49,995242,FLUID MILK WHITE ONLY,87.54459953340378,귀하가 과거에 구매하신 'ORANGES NAVELS ALL' 품목과 구매 연관성 및 상품 특성이 매우 유사합니다.,Hybrid
49,961554,CARROTS MINI PEELED,87.13674206246125,귀하가 과거에 구매하신 'ORANGES NAVELS ALL' 품목과 구매 연관성 및 상품 특성이 매우 유사합니다.,Hybrid
49,866211,GRAPES WHITE,86.47180576442452,귀하가 과거에 구매하신 'ORANGES NAVELS ALL' 품목과 구매 연관성 및 상품 특성이 매우 유사합니다.,Hybrid
49,6534178,,24.681367889496826,35-49K 소득 수준 베스트셀러,Demo
49,1029743,,20.341506145259213,35-49K 소득 수준 베스트셀러,Demo
49,6534166,,20.29520678883402,35-49K 소득 수준 베스트셀러,Demo
49,995242,,20.24136430116355,35-49K 소득 수준 베스트셀러,Demo
49,1082185,,20.22573032896407,35-49K 소득 수준 베스트셀러,Demo
